"Year","cpi_score","iso_3"
1998,NA,"AFG"
1999,NA,"AFG"
2000,NA,"AFG"
2001,NA,"AFG"
2002,NA,"AFG"
2003,NA,"AFG"
2004,NA,"AFG"
2005,2.5,"AFG"
2006,NA,"AFG"
2007,1.8,"AFG"
2008,1.5,"AFG"
2009,1.3,"AFG"
1998,NA,"ALB"
1999,2.3,"ALB"
2000,NA,"ALB"
2001,NA,"ALB"
2002,2.5,"ALB"
2003,2.5,"ALB"
2004,2.5,"ALB"
2005,2.4,"ALB"
2006,2.6,"ALB"
2007,2.9,"ALB"
2008,3.4,"ALB"
2009,3.2,"ALB"
1998,NA,"DZA"
1999,NA,"DZA"
2000,NA,"DZA"
2001,NA,"DZA"
2002,NA,"DZA"
2003,2.6,"DZA"
2004,2.7,"DZA"
2005,2.8,"DZA"
2006,3.1,"DZA"
2007,3,"DZA"
2008,3.2,"DZA"
2009,2.8,"DZA"
1998,NA,"AGO"
1999,NA,"AGO"
2000,1.7,"AGO"
2001,NA,"AGO"
2002,1.7,"AGO"
2003,1.8,"AGO"
2004,2,"AGO"
2005,2,"AGO"
2006,2.2,"AGO"
2007,2.2,"AGO"
2008,1.9,"AGO"
2009,1.9,"AGO"
1998,3,"ARG"
1999,3,"ARG"
2000,3.5,"ARG"
2001,3.5,"ARG"
2002,2.8,"ARG"
2003,2.5,"ARG"
2004,2.5,"ARG"
2005,2.8,"ARG"
2006,2.9,"ARG"
2007,2.9,"ARG"
2008,2.9,"ARG"
2009,2.9,"ARG"
1998,NA,"ARM"
1999,2.5,"ARM"
2000,2.5,"ARM"
2001,NA,"ARM"
2002,NA,"ARM"
2003,3,"ARM"
2004,3.1,"ARM"
2005,2.9,"ARM"
2006,2.9,"ARM"
2007,3,"ARM"
2008,2.9,"ARM"
2009,2.7,"ARM"
1998,8.7,"AUS"
1999,8.7,"AUS"
2000,8.3,"AUS"
2001,8.5,"AUS"
2002,8.6,"AUS"
2003,8.8,"AUS"
2004,8.8,"AUS"
2005,8.8,"AUS"
2006,8.7,"AUS"
2007,8.6,"AUS"
2008,8.7,"AUS"
2009,8.7,"AUS"
1998,7.5,"AUT"
1999,7.6,"AUT"
2000,7.7,"AUT"
2001,7.8,"AUT"
2002,7.8,"AUT"
2003,8,"AUT"
2004,8.4,"AUT"
2005,8.7,"AUT"
2006,8.6,"AUT"
2007,8.1,"AUT"
2008,8.1,"AUT"
2009,7.9,"AUT"
1998,NA,"AZE"
1999,1.7,"AZE"
2000,1.5,"AZE"
2001,2,"AZE"
2002,2,"AZE"
2003,1.8,"AZE"
2004,1.9,"AZE"
2005,2.2,"AZE"
2006,2.4,"AZE"
2007,2.1,"AZE"
2008,1.9,"AZE"
2009,2.3,"AZE"
1998,NA,"BHS"
1999,NA,"BHS"
2000,NA,"BHS"
2001,NA,"BHS"
2002,NA,"BHS"
2003,NA,"BHS"
2004,NA,"BHS"
2005,NA,"BHS"
2006,NA,"BHS"
2007,NA,"BHS"
2008,NA,"BHS"
2009,NA,"BHS"
1998,NA,"BHR"
1999,NA,"BHR"
2000,NA,"BHR"
2001,NA,"BHR"
2002,NA,"BHR"
2003,6.1,"BHR"
2004,5.8,"BHR"
2005,5.8,"BHR"
2006,5.7,"BHR"
2007,5,"BHR"
2008,5.4,"BHR"
2009,5.1,"BHR"
1998,NA,"BGD"
1999,NA,"BGD"
2000,NA,"BGD"
2001,0.4,"BGD"
2002,1.2,"BGD"
2003,1.3,"BGD"
2004,1.5,"BGD"
2005,1.7,"BGD"
2006,2,"BGD"
2007,2,"BGD"
2008,2.1,"BGD"
2009,2.4,"BGD"
1998,NA,"BRB"
1999,NA,"BRB"
2000,NA,"BRB"
2001,NA,"BRB"
2002,NA,"BRB"
2003,NA,"BRB"
2004,7.3,"BRB"
2005,6.9,"BRB"
2006,6.7,"BRB"
2007,6.9,"BRB"
2008,7,"BRB"
2009,7.4,"BRB"
1998,3.9,"BLR"
1999,3.4,"BLR"
2000,4.1,"BLR"
2001,NA,"BLR"
2002,4.8,"BLR"
2003,4.2,"BLR"
2004,3.3,"BLR"
2005,2.6,"BLR"
2006,2.1,"BLR"
2007,2.1,"BLR"
2008,2,"BLR"
2009,2.4,"BLR"
1998,5.4,"BEL"
1999,5.3,"BEL"
2000,6.1,"BEL"
2001,6.6,"BEL"
2002,7.1,"BEL"
2003,7.6,"BEL"
2004,7.5,"BEL"
2005,7.4,"BEL"
2006,7.3,"BEL"
2007,7.1,"BEL"
2008,7.3,"BEL"
2009,7.1,"BEL"
1998,NA,"BLZ"
1999,NA,"BLZ"
2000,NA,"BLZ"
2001,NA,"BLZ"
2002,NA,"BLZ"
2003,4.5,"BLZ"
2004,3.8,"BLZ"
2005,3.7,"BLZ"
2006,3.5,"BLZ"
2007,3,"BLZ"
2008,2.9,"BLZ"
2009,NA,"BLZ"
1998,NA,"BEN"
1999,NA,"BEN"
2000,NA,"BEN"
2001,NA,"BEN"
2002,NA,"BEN"
2003,NA,"BEN"
2004,3.2,"BEN"
2005,2.9,"BEN"
2006,2.5,"BEN"
2007,2.7,"BEN"
2008,3.1,"BEN"
2009,2.9,"BEN"
1998,NA,"BTN"
1999,NA,"BTN"
2000,NA,"BTN"
2001,NA,"BTN"
2002,NA,"BTN"
2003,NA,"BTN"
2004,NA,"BTN"
2005,NA,"BTN"
2006,6,"BTN"
2007,5,"BTN"
2008,5.2,"BTN"
2009,5,"BTN"
1998,2.8,"BOL"
1999,2.5,"BOL"
2000,2.7,"BOL"
2001,2,"BOL"
2002,2.2,"BOL"
2003,2.3,"BOL"
2004,2.2,"BOL"
2005,2.5,"BOL"
2006,2.7,"BOL"
2007,2.9,"BOL"
2008,3,"BOL"
2009,2.7,"BOL"
1998,NA,"BIH"
1999,NA,"BIH"
2000,NA,"BIH"
2001,NA,"BIH"
2002,NA,"BIH"
2003,NA,"BIH"
2004,3.1,"BIH"
2005,2.9,"BIH"
2006,NA,"BIH"
2007,3.3,"BIH"
2008,3.2,"BIH"
2009,3,"BIH"
1998,NA,"BIH"
1999,NA,"BIH"
2000,NA,"BIH"
2001,NA,"BIH"
2002,NA,"BIH"
2003,NA,"BIH"
2004,NA,"BIH"
2005,NA,"BIH"
2006,2.9,"BIH"
2007,NA,"BIH"
2008,NA,"BIH"
2009,NA,"BIH"
1998,NA,"BIH"
1999,NA,"BIH"
2000,NA,"BIH"
2001,NA,"BIH"
2002,NA,"BIH"
2003,3.3,"BIH"
2004,NA,"BIH"
2005,NA,"BIH"
2006,NA,"BIH"
2007,NA,"BIH"
2008,NA,"BIH"
2009,NA,"BIH"
1998,6.1,"BWA"
1999,6.1,"BWA"
2000,6,"BWA"
2001,6,"BWA"
2002,6.4,"BWA"
2003,5.7,"BWA"
2004,6,"BWA"
2005,5.9,"BWA"
2006,5.6,"BWA"
2007,5.4,"BWA"
2008,5.8,"BWA"
2009,5.6,"BWA"
1998,4,"BRA"
1999,4.1,"BRA"
2000,3.9,"BRA"
2001,4,"BRA"
2002,4,"BRA"
2003,3.9,"BRA"
2004,3.9,"BRA"
2005,3.7,"BRA"
2006,3.3,"BRA"
2007,3.5,"BRA"
2008,3.5,"BRA"
2009,3.7,"BRA"
1998,NA,"BRN"
1999,NA,"BRN"
2000,NA,"BRN"
2001,NA,"BRN"
2002,NA,"BRN"
2003,NA,"BRN"
2004,NA,"BRN"
2005,NA,"BRN"
2006,NA,"BRN"
2007,NA,"BRN"
2008,NA,"BRN"
2009,NA,"BRN"
1998,NA,"BRN"
1999,NA,"BRN"
2000,NA,"BRN"
2001,NA,"BRN"
2002,NA,"BRN"
2003,NA,"BRN"
2004,NA,"BRN"
2005,NA,"BRN"
2006,NA,"BRN"
2007,NA,"BRN"
2008,NA,"BRN"
2009,5.5,"BRN"
1998,2.9,"BGR"
1999,3.3,"BGR"
2000,3.5,"BGR"
2001,3.9,"BGR"
2002,4,"BGR"
2003,3.9,"BGR"
2004,4.1,"BGR"
2005,4,"BGR"
2006,4,"BGR"
2007,4.1,"BGR"
2008,3.6,"BGR"
2009,3.8,"BGR"
1998,NA,"BFA"
1999,NA,"BFA"
2000,3,"BFA"
2001,NA,"BFA"
2002,NA,"BFA"
2003,NA,"BFA"
2004,NA,"BFA"
2005,3.4,"BFA"
2006,3.2,"BFA"
2007,2.9,"BFA"
2008,3.5,"BFA"
2009,3.6,"BFA"
1998,NA,"BDI"
1999,NA,"BDI"
2000,NA,"BDI"
2001,NA,"BDI"
2002,NA,"BDI"
2003,NA,"BDI"
2004,NA,"BDI"
2005,2.3,"BDI"
2006,2.4,"BDI"
2007,2.5,"BDI"
2008,1.9,"BDI"
2009,1.8,"BDI"
1998,NA,"KHM"
1999,NA,"KHM"
2000,NA,"KHM"
2001,NA,"KHM"
2002,NA,"KHM"
2003,NA,"KHM"
2004,NA,"KHM"
2005,2.3,"KHM"
2006,2.1,"KHM"
2007,2,"KHM"
2008,1.8,"KHM"
2009,2,"KHM"
1998,1.4,"CMR"
1999,1.5,"CMR"
2000,2,"CMR"
2001,2,"CMR"
2002,2.2,"CMR"
2003,1.8,"CMR"
2004,2.1,"CMR"
2005,2.2,"CMR"
2006,2.3,"CMR"
2007,2.4,"CMR"
2008,2.3,"CMR"
2009,2.2,"CMR"
1998,9.2,"CAN"
1999,9.2,"CAN"
2000,9.2,"CAN"
2001,8.9,"CAN"
2002,9,"CAN"
2003,8.7,"CAN"
2004,8.5,"CAN"
2005,8.4,"CAN"
2006,8.5,"CAN"
2007,8.7,"CAN"
2008,8.7,"CAN"
2009,8.7,"CAN"
1998,NA,"CPV"
1999,NA,"CPV"
2000,NA,"CPV"
2001,NA,"CPV"
2002,NA,"CPV"
2003,NA,"CPV"
2004,NA,"CPV"
2005,NA,"CPV"
2006,NA,"CPV"
2007,4.9,"CPV"
2008,5.1,"CPV"
2009,5.1,"CPV"
1998,NA,"CAF"
1999,NA,"CAF"
2000,NA,"CAF"
2001,NA,"CAF"
2002,NA,"CAF"
2003,NA,"CAF"
2004,NA,"CAF"
2005,NA,"CAF"
2006,2.4,"CAF"
2007,2,"CAF"
2008,2,"CAF"
2009,2,"CAF"
1998,NA,"TCD"
1999,NA,"TCD"
2000,NA,"TCD"
2001,NA,"TCD"
2002,NA,"TCD"
2003,NA,"TCD"
2004,1.7,"TCD"
2005,1.7,"TCD"
2006,2,"TCD"
2007,1.8,"TCD"
2008,1.6,"TCD"
2009,1.6,"TCD"
1998,6.8,"CHL"
1999,6.9,"CHL"
2000,7.4,"CHL"
2001,7.5,"CHL"
2002,7.5,"CHL"
2003,7.4,"CHL"
2004,7.4,"CHL"
2005,7.3,"CHL"
2006,7.3,"CHL"
2007,7,"CHL"
2008,6.9,"CHL"
2009,6.7,"CHL"
1998,3.5,"CHN"
1999,3.4,"CHN"
2000,3.1,"CHN"
2001,3.5,"CHN"
2002,3.5,"CHN"
2003,3.4,"CHN"
2004,3.4,"CHN"
2005,3.2,"CHN"
2006,3.3,"CHN"
2007,3.5,"CHN"
2008,3.6,"CHN"
2009,3.6,"CHN"
1998,2.2,"COL"
1999,2.9,"COL"
2000,3.2,"COL"
2001,3.8,"COL"
2002,3.6,"COL"
2003,3.7,"COL"
2004,3.8,"COL"
2005,4,"COL"
2006,3.9,"COL"
2007,3.8,"COL"
2008,3.8,"COL"
2009,3.7,"COL"
1998,NA,"COM"
1999,NA,"COM"
2000,NA,"COM"
2001,NA,"COM"
2002,NA,"COM"
2003,NA,"COM"
2004,NA,"COM"
2005,NA,"COM"
2006,NA,"COM"
2007,2.6,"COM"
2008,2.5,"COM"
2009,2.3,"COM"
1998,NA,"COG"
1999,NA,"COG"
2000,NA,"COG"
2001,NA,"COG"
2002,NA,"COG"
2003,NA,"COG"
2004,NA,"COG"
2005,NA,"COG"
2006,NA,"COG"
2007,NA,"COG"
2008,NA,"COG"
2009,1.9,"COG"
1998,NA,"COG"
1999,NA,"COG"
2000,NA,"COG"
2001,NA,"COG"
2002,NA,"COG"
2003,NA,"COG"
2004,NA,"COG"
2005,NA,"COG"
2006,NA,"COG"
2007,NA,"COG"
2008,NA,"COG"
2009,NA,"COG"
1998,NA,"COG"
1999,NA,"COG"
2000,NA,"COG"
2001,NA,"COG"
2002,NA,"COG"
2003,NA,"COG"
2004,NA,"COG"
2005,2.1,"COG"
2006,2,"COG"
2007,1.9,"COG"
2008,NA,"COG"
2009,NA,"COG"
1998,NA,"COG"
1999,NA,"COG"
2000,NA,"COG"
2001,NA,"COG"
2002,NA,"COG"
2003,NA,"COG"
2004,2,"COG"
2005,NA,"COG"
2006,NA,"COG"
2007,NA,"COG"
2008,1.7,"COG"
2009,NA,"COG"
1998,NA,"COD"
1999,NA,"COD"
2000,NA,"COD"
2001,NA,"COD"
2002,NA,"COD"
2003,NA,"COD"
2004,NA,"COD"
2005,NA,"COD"
2006,2.2,"COD"
2007,2.1,"COD"
2008,NA,"COD"
2009,NA,"COD"
1998,NA,"COD"
1999,NA,"COD"
2000,NA,"COD"
2001,NA,"COD"
2002,NA,"COD"
2003,NA,"COD"
2004,NA,"COD"
2005,NA,"COD"
2006,NA,"COD"
2007,NA,"COD"
2008,NA,"COD"
2009,NA,"COD"
1998,NA,"COD"
1999,NA,"COD"
2000,NA,"COD"
2001,NA,"COD"
2002,NA,"COD"
2003,NA,"COD"
2004,NA,"COD"
2005,NA,"COD"
2006,NA,"COD"
2007,NA,"COD"
2008,1.9,"COD"
2009,NA,"COD"
1998,NA,"COD"
1999,NA,"COD"
2000,NA,"COD"
2001,NA,"COD"
2002,NA,"COD"
2003,NA,"COD"
2004,NA,"COD"
2005,2.3,"COD"
2006,NA,"COD"
2007,NA,"COD"
2008,NA,"COD"
2009,NA,"COD"
1998,NA,"COD"
1999,NA,"COD"
2000,NA,"COD"
2001,NA,"COD"
2002,NA,"COD"
2003,NA,"COD"
2004,2.3,"COD"
2005,NA,"COD"
2006,NA,"COD"
2007,NA,"COD"
2008,NA,"COD"
2009,NA,"COD"
1998,NA,"COD"
1999,NA,"COD"
2000,NA,"COD"
2001,NA,"COD"
2002,NA,"COD"
2003,2.2,"COD"
2004,NA,"COD"
2005,NA,"COD"
2006,NA,"COD"
2007,NA,"COD"
2008,NA,"COD"
2009,NA,"COD"
1998,5.6,"CRI"
1999,5.1,"CRI"
2000,5.4,"CRI"
2001,4.5,"CRI"
2002,4.5,"CRI"
2003,4.3,"CRI"
2004,4.9,"CRI"
2005,4.2,"CRI"
2006,4.1,"CRI"
2007,5,"CRI"
2008,5.1,"CRI"
2009,5.3,"CRI"
1998,NA,"CIV"
1999,NA,"CIV"
2000,NA,"CIV"
2001,2.4,"CIV"
2002,NA,"CIV"
2003,NA,"CIV"
2004,2,"CIV"
2005,NA,"CIV"
2006,NA,"CIV"
2007,NA,"CIV"
2008,NA,"CIV"
2009,NA,"CIV"
1998,NA,"CIV"
1999,NA,"CIV"
2000,NA,"CIV"
2001,NA,"CIV"
2002,2.7,"CIV"
2003,2.1,"CIV"
2004,NA,"CIV"
2005,1.9,"CIV"
2006,NA,"CIV"
2007,2.1,"CIV"
2008,NA,"CIV"
2009,NA,"CIV"
1998,NA,"CIV"
1999,NA,"CIV"
2000,NA,"CIV"
2001,NA,"CIV"
2002,NA,"CIV"
2003,NA,"CIV"
2004,NA,"CIV"
2005,NA,"CIV"
2006,2.1,"CIV"
2007,NA,"CIV"
2008,2,"CIV"
2009,2.1,"CIV"
1998,NA,"CIV"
1999,NA,"CIV"
2000,2.7,"CIV"
2001,NA,"CIV"
2002,NA,"CIV"
2003,NA,"CIV"
2004,NA,"CIV"
2005,NA,"CIV"
2006,NA,"CIV"
2007,NA,"CIV"
2008,NA,"CIV"
2009,NA,"CIV"
1998,NA,"HRV"
1999,2.7,"HRV"
2000,3.7,"HRV"
2001,3.9,"HRV"
2002,3.8,"HRV"
2003,3.7,"HRV"
2004,3.5,"HRV"
2005,3.4,"HRV"
2006,3.4,"HRV"
2007,4.1,"HRV"
2008,4.4,"HRV"
2009,4.1,"HRV"
1998,NA,"CUB"
1999,NA,"CUB"
2000,NA,"CUB"
2001,NA,"CUB"
2002,NA,"CUB"
2003,4.6,"CUB"
2004,3.7,"CUB"
2005,3.8,"CUB"
2006,3.5,"CUB"
2007,4.2,"CUB"
2008,4.3,"CUB"
2009,4.4,"CUB"
1998,NA,"CYP"
1999,NA,"CYP"
2000,NA,"CYP"
2001,NA,"CYP"
2002,NA,"CYP"
2003,6.1,"CYP"
2004,5.4,"CYP"
2005,5.7,"CYP"
2006,5.6,"CYP"
2007,5.3,"CYP"
2008,6.4,"CYP"
2009,6.6,"CYP"
1998,4.8,"CZE"
1999,4.6,"CZE"
2000,4.3,"CZE"
2001,3.9,"CZE"
2002,3.7,"CZE"
2003,3.9,"CZE"
2004,4.2,"CZE"
2005,4.3,"CZE"
2006,4.8,"CZE"
2007,NA,"CZE"
2008,5.2,"CZE"
2009,4.9,"CZE"
1998,NA,"CZE"
1999,NA,"CZE"
2000,NA,"CZE"
2001,NA,"CZE"
2002,NA,"CZE"
2003,NA,"CZE"
2004,NA,"CZE"
2005,NA,"CZE"
2006,NA,"CZE"
2007,5.2,"CZE"
2008,NA,"CZE"
2009,NA,"CZE"
1998,NA,"COG"
1999,NA,"COG"
2000,NA,"COG"
2001,NA,"COG"
2002,NA,"COG"
2003,NA,"COG"
2004,NA,"COG"
2005,NA,"COG"
2006,NA,"COG"
2007,NA,"COG"
2008,NA,"COG"
2009,1.9,"COG"
1998,NA,"COD"
1999,NA,"COD"
2000,NA,"COD"
2001,NA,"COD"
2002,NA,"COD"
2003,NA,"COD"
2004,NA,"COD"
2005,NA,"COD"
2006,NA,"COD"
2007,NA,"COD"
2008,NA,"COD"
2009,NA,"COD"
1998,10,"DNK"
1999,10,"DNK"
2000,9.8,"DNK"
2001,9.5,"DNK"
2002,9.5,"DNK"
2003,9.5,"DNK"
2004,9.5,"DNK"
2005,9.5,"DNK"
2006,9.5,"DNK"
2007,9.4,"DNK"
2008,9.3,"DNK"
2009,9.3,"DNK"
1998,NA,"DJI"
1999,NA,"DJI"
2000,NA,"DJI"
2001,NA,"DJI"
2002,NA,"DJI"
2003,NA,"DJI"
2004,NA,"DJI"
2005,NA,"DJI"
2006,NA,"DJI"
2007,2.9,"DJI"
2008,3,"DJI"
2009,2.8,"DJI"
1998,NA,"DMA"
1999,NA,"DMA"
2000,NA,"DMA"
2001,NA,"DMA"
2002,NA,"DMA"
2003,NA,"DMA"
2004,NA,"DMA"
2005,NA,"DMA"
2006,4.5,"DMA"
2007,5.6,"DMA"
2008,6,"DMA"
2009,5.9,"DMA"
1998,NA,"DOM"
1999,NA,"DOM"
2000,NA,"DOM"
2001,3.1,"DOM"
2002,NA,"DOM"
2003,NA,"DOM"
2004,NA,"DOM"
2005,NA,"DOM"
2006,NA,"DOM"
2007,NA,"DOM"
2008,NA,"DOM"
2009,NA,"DOM"
1998,NA,"DOM"
1999,NA,"DOM"
2000,NA,"DOM"
2001,NA,"DOM"
2002,3.5,"DOM"
2003,NA,"DOM"
2004,NA,"DOM"
2005,NA,"DOM"
2006,NA,"DOM"
2007,NA,"DOM"
2008,NA,"DOM"
2009,NA,"DOM"
1998,NA,"DOM"
1999,NA,"DOM"
2000,NA,"DOM"
2001,NA,"DOM"
2002,NA,"DOM"
2003,3.3,"DOM"
2004,2.9,"DOM"
2005,3,"DOM"
2006,2.8,"DOM"
2007,3,"DOM"
2008,3,"DOM"
2009,3,"DOM"
1998,2.3,"ECU"
1999,2.4,"ECU"
2000,2.6,"ECU"
2001,2.3,"ECU"
2002,2.2,"ECU"
2003,2.2,"ECU"
2004,2.4,"ECU"
2005,2.5,"ECU"
2006,2.3,"ECU"
2007,2.1,"ECU"
2008,2,"ECU"
2009,2.2,"ECU"
1998,2.9,"EGY"
1999,3.3,"EGY"
2000,3.1,"EGY"
2001,3.6,"EGY"
2002,3.4,"EGY"
2003,3.3,"EGY"
2004,3.2,"EGY"
2005,3.4,"EGY"
2006,3.3,"EGY"
2007,2.9,"EGY"
2008,2.8,"EGY"
2009,2.8,"EGY"
1998,3.6,"SLV"
1999,3.9,"SLV"
2000,4.1,"SLV"
2001,3.6,"SLV"
2002,3.4,"SLV"
2003,3.7,"SLV"
2004,4.2,"SLV"
2005,4.2,"SLV"
2006,4,"SLV"
2007,4,"SLV"
2008,3.9,"SLV"
2009,3.4,"SLV"
1998,NA,"GNQ"
1999,NA,"GNQ"
2000,NA,"GNQ"
2001,NA,"GNQ"
2002,NA,"GNQ"
2003,NA,"GNQ"
2004,NA,"GNQ"
2005,1.9,"GNQ"
2006,2.1,"GNQ"
2007,1.9,"GNQ"
2008,1.7,"GNQ"
2009,1.8,"GNQ"
1998,NA,"ERI"
1999,NA,"ERI"
2000,NA,"ERI"
2001,NA,"ERI"
2002,NA,"ERI"
2003,NA,"ERI"
2004,2.6,"ERI"
2005,2.6,"ERI"
2006,2.9,"ERI"
2007,2.8,"ERI"
2008,2.6,"ERI"
2009,2.6,"ERI"
1998,5.7,"EST"
1999,5.7,"EST"
2000,5.7,"EST"
2001,5.6,"EST"
2002,5.6,"EST"
2003,5.5,"EST"
2004,6,"EST"
2005,6.4,"EST"
2006,6.7,"EST"
2007,6.5,"EST"
2008,6.6,"EST"
2009,6.6,"EST"
1998,NA,"ETH"
1999,NA,"ETH"
2000,3.2,"ETH"
2001,NA,"ETH"
2002,3.5,"ETH"
2003,2.5,"ETH"
2004,2.3,"ETH"
2005,2.2,"ETH"
2006,2.4,"ETH"
2007,2.4,"ETH"
2008,2.6,"ETH"
2009,2.7,"ETH"
1998,NA,"FJI"
1999,NA,"FJI"
2000,NA,"FJI"
2001,NA,"FJI"
2002,NA,"FJI"
2003,NA,"FJI"
2004,NA,"FJI"
2005,4,"FJI"
2006,NA,"FJI"
2007,NA,"FJI"
2008,NA,"FJI"
2009,NA,"FJI"
1998,9.6,"FIN"
1999,9.8,"FIN"
2000,10,"FIN"
2001,9.9,"FIN"
2002,9.7,"FIN"
2003,9.7,"FIN"
2004,9.7,"FIN"
2005,9.6,"FIN"
2006,9.6,"FIN"
2007,9.4,"FIN"
2008,9,"FIN"
2009,8.9,"FIN"
1998,6.7,"FRA"
1999,6.6,"FRA"
2000,6.7,"FRA"
2001,6.7,"FRA"
2002,6.3,"FRA"
2003,6.9,"FRA"
2004,7.1,"FRA"
2005,7.5,"FRA"
2006,7.4,"FRA"
2007,7.3,"FRA"
2008,6.9,"FRA"
2009,6.9,"FRA"
1998,NA,"MKD"
1999,NA,"MKD"
2000,NA,"MKD"
2001,NA,"MKD"
2002,NA,"MKD"
2003,NA,"MKD"
2004,NA,"MKD"
2005,NA,"MKD"
2006,NA,"MKD"
2007,3.3,"MKD"
2008,NA,"MKD"
2009,3.8,"MKD"
1998,NA,"GAB"
1999,NA,"GAB"
2000,NA,"GAB"
2001,NA,"GAB"
2002,NA,"GAB"
2003,NA,"GAB"
2004,3.3,"GAB"
2005,2.9,"GAB"
2006,3,"GAB"
2007,3.3,"GAB"
2008,3.1,"GAB"
2009,2.9,"GAB"
1998,NA,"GMB"
1999,NA,"GMB"
2000,NA,"GMB"
2001,NA,"GMB"
2002,NA,"GMB"
2003,2.5,"GMB"
2004,2.8,"GMB"
2005,2.7,"GMB"
2006,2.5,"GMB"
2007,2.3,"GMB"
2008,1.9,"GMB"
2009,2.9,"GMB"
1998,NA,"GEO"
1999,2.3,"GEO"
2000,NA,"GEO"
2001,NA,"GEO"
2002,2.4,"GEO"
2003,1.8,"GEO"
2004,2,"GEO"
2005,2.3,"GEO"
2006,2.8,"GEO"
2007,3.4,"GEO"
2008,3.9,"GEO"
2009,4.1,"GEO"
1998,7.9,"DEU"
1999,8,"DEU"
2000,7.6,"DEU"
2001,7.4,"DEU"
2002,7.3,"DEU"
2003,7.7,"DEU"
2004,8.2,"DEU"
2005,8.2,"DEU"
2006,8,"DEU"
2007,7.8,"DEU"
2008,7.9,"DEU"
2009,8,"DEU"
1998,3.3,"GHA"
1999,3.3,"GHA"
2000,3.5,"GHA"
2001,3.4,"GHA"
2002,3.9,"GHA"
2003,3.3,"GHA"
2004,3.6,"GHA"
2005,3.5,"GHA"
2006,3.3,"GHA"
2007,3.7,"GHA"
2008,3.9,"GHA"
2009,3.9,"GHA"
1998,4.9,"GRC"
1999,4.9,"GRC"
2000,4.9,"GRC"
2001,4.2,"GRC"
2002,4.2,"GRC"
2003,4.3,"GRC"
2004,4.3,"GRC"
2005,4.3,"GRC"
2006,4.4,"GRC"
2007,4.6,"GRC"
2008,4.7,"GRC"
2009,3.8,"GRC"
1998,NA,"GRD"
1999,NA,"GRD"
2000,NA,"GRD"
2001,NA,"GRD"
2002,NA,"GRD"
2003,NA,"GRD"
2004,NA,"GRD"
2005,NA,"GRD"
2006,3.5,"GRD"
2007,3.4,"GRD"
2008,NA,"GRD"
2009,NA,"GRD"
1998,3.1,"GTM"
1999,3.2,"GTM"
2000,NA,"GTM"
2001,2.9,"GTM"
2002,2.5,"GTM"
2003,2.4,"GTM"
2004,2.2,"GTM"
2005,2.5,"GTM"
2006,2.6,"GTM"
2007,2.8,"GTM"
2008,3.1,"GTM"
2009,3.4,"GTM"
1998,NA,"GIN"
1999,NA,"GIN"
2000,NA,"GIN"
2001,NA,"GIN"
2002,NA,"GIN"
2003,NA,"GIN"
2004,NA,"GIN"
2005,NA,"GIN"
2006,1.9,"GIN"
2007,1.9,"GIN"
2008,1.6,"GIN"
2009,1.8,"GIN"
1998,NA,"GNB"
1999,NA,"GNB"
2000,NA,"GNB"
2001,NA,"GNB"
2002,NA,"GNB"
2003,NA,"GNB"
2004,NA,"GNB"
2005,NA,"GNB"
2006,NA,"GNB"
2007,2.2,"GNB"
2008,1.9,"GNB"
2009,1.9,"GNB"
1998,NA,"GUY"
1999,NA,"GUY"
2000,NA,"GUY"
2001,NA,"GUY"
2002,NA,"GUY"
2003,NA,"GUY"
2004,NA,"GUY"
2005,2.5,"GUY"
2006,2.5,"GUY"
2007,2.6,"GUY"
2008,2.6,"GUY"
2009,2.6,"GUY"
1998,NA,"HTI"
1999,NA,"HTI"
2000,NA,"HTI"
2001,NA,"HTI"
2002,2.2,"HTI"
2003,1.5,"HTI"
2004,1.5,"HTI"
2005,1.8,"HTI"
2006,1.8,"HTI"
2007,1.6,"HTI"
2008,1.4,"HTI"
2009,1.8,"HTI"
1998,1.7,"HND"
1999,1.8,"HND"
2000,NA,"HND"
2001,2.7,"HND"
2002,2.7,"HND"
2003,2.3,"HND"
2004,2.3,"HND"
2005,2.6,"HND"
2006,2.5,"HND"
2007,2.5,"HND"
2008,2.6,"HND"
2009,2.5,"HND"
1998,7.8,"HKG"
1999,7.7,"HKG"
2000,7.7,"HKG"
2001,7.9,"HKG"
2002,8.2,"HKG"
2003,8,"HKG"
2004,8,"HKG"
2005,8.3,"HKG"
2006,8.3,"HKG"
2007,8.3,"HKG"
2008,8.1,"HKG"
2009,8.2,"HKG"
1998,5,"HUN"
1999,5.2,"HUN"
2000,5.2,"HUN"
2001,5.3,"HUN"
2002,4.9,"HUN"
2003,4.8,"HUN"
2004,4.8,"HUN"
2005,5,"HUN"
2006,5.2,"HUN"
2007,5.3,"HUN"
2008,5.1,"HUN"
2009,5.1,"HUN"
1998,9.3,"ISL"
1999,9.2,"ISL"
2000,9.1,"ISL"
2001,9.2,"ISL"
2002,9.4,"ISL"
2003,9.6,"ISL"
2004,9.5,"ISL"
2005,9.7,"ISL"
2006,9.6,"ISL"
2007,9.2,"ISL"
2008,8.9,"ISL"
2009,8.7,"ISL"
1998,2.9,"IND"
1999,2.9,"IND"
2000,2.8,"IND"
2001,2.7,"IND"
2002,2.7,"IND"
2003,2.8,"IND"
2004,2.8,"IND"
2005,2.9,"IND"
2006,3.3,"IND"
2007,3.5,"IND"
2008,3.4,"IND"
2009,3.4,"IND"
1998,2,"IDN"
1999,1.7,"IDN"
2000,1.7,"IDN"
2001,1.9,"IDN"
2002,1.9,"IDN"
2003,1.9,"IDN"
2004,2,"IDN"
2005,2.2,"IDN"
2006,2.4,"IDN"
2007,2.3,"IDN"
2008,2.6,"IDN"
2009,2.8,"IDN"
1998,NA,"IRN"
1999,NA,"IRN"
2000,NA,"IRN"
2001,NA,"IRN"
2002,NA,"IRN"
2003,3,"IRN"
2004,2.9,"IRN"
2005,2.9,"IRN"
2006,2.7,"IRN"
2007,2.5,"IRN"
2008,2.3,"IRN"
2009,1.8,"IRN"
1998,NA,"IRQ"
1999,NA,"IRQ"
2000,NA,"IRQ"
2001,NA,"IRQ"
2002,NA,"IRQ"
2003,2.2,"IRQ"
2004,2.1,"IRQ"
2005,2.2,"IRQ"
2006,1.9,"IRQ"
2007,1.5,"IRQ"
2008,1.3,"IRQ"
2009,1.5,"IRQ"
1998,8.2,"IRL"
1999,7.7,"IRL"
2000,7.2,"IRL"
2001,7.5,"IRL"
2002,6.9,"IRL"
2003,7.5,"IRL"
2004,7.5,"IRL"
2005,7.4,"IRL"
2006,7.4,"IRL"
2007,7.5,"IRL"
2008,7.7,"IRL"
2009,8,"IRL"
1998,7.1,"ISR"
1999,6.8,"ISR"
2000,6.6,"ISR"
2001,7.6,"ISR"
2002,7.3,"ISR"
2003,7,"ISR"
2004,6.4,"ISR"
2005,6.3,"ISR"
2006,5.9,"ISR"
2007,6.1,"ISR"
2008,6,"ISR"
2009,6.1,"ISR"
1998,4.6,"ITA"
1999,4.7,"ITA"
2000,4.6,"ITA"
2001,5.5,"ITA"
2002,5.2,"ITA"
2003,5.3,"ITA"
2004,4.8,"ITA"
2005,5,"ITA"
2006,4.9,"ITA"
2007,5.2,"ITA"
2008,4.8,"ITA"
2009,4.3,"ITA"
1998,3.1,"CIV"
1999,2.6,"CIV"
2000,NA,"CIV"
2001,NA,"CIV"
2002,NA,"CIV"
2003,NA,"CIV"
2004,NA,"CIV"
2005,NA,"CIV"
2006,NA,"CIV"
2007,NA,"CIV"
2008,NA,"CIV"
2009,NA,"CIV"
1998,3.8,"JAM"
1999,3.8,"JAM"
2000,NA,"JAM"
2001,NA,"JAM"
2002,4,"JAM"
2003,3.8,"JAM"
2004,3.3,"JAM"
2005,3.6,"JAM"
2006,3.7,"JAM"
2007,3.3,"JAM"
2008,3.1,"JAM"
2009,3,"JAM"
1998,5.8,"JPN"
1999,6,"JPN"
2000,6.4,"JPN"
2001,7.1,"JPN"
2002,7.1,"JPN"
2003,7,"JPN"
2004,6.9,"JPN"
2005,7.3,"JPN"
2006,7.6,"JPN"
2007,7.5,"JPN"
2008,7.3,"JPN"
2009,7.7,"JPN"
1998,4.7,"JOR"
1999,4.4,"JOR"
2000,4.6,"JOR"
2001,4.9,"JOR"
2002,4.5,"JOR"
2003,4.6,"JOR"
2004,5.3,"JOR"
2005,5.7,"JOR"
2006,5.3,"JOR"
2007,4.7,"JOR"
2008,5.1,"JOR"
2009,5,"JOR"
1998,NA,"KAZ"
1999,2.3,"KAZ"
2000,3,"KAZ"
2001,2.7,"KAZ"
2002,2.3,"KAZ"
2003,2.4,"KAZ"
2004,2.2,"KAZ"
2005,2.6,"KAZ"
2006,2.6,"KAZ"
2007,2.1,"KAZ"
2008,2.2,"KAZ"
2009,2.7,"KAZ"
1998,2.5,"KEN"
1999,2,"KEN"
2000,2.1,"KEN"
2001,2,"KEN"
2002,1.9,"KEN"
2003,1.9,"KEN"
2004,2.1,"KEN"
2005,2.1,"KEN"
2006,2.2,"KEN"
2007,2.1,"KEN"
2008,2.1,"KEN"
2009,2.2,"KEN"
1998,NA,"KIR"
1999,NA,"KIR"
2000,NA,"KIR"
2001,NA,"KIR"
2002,NA,"KIR"
2003,NA,"KIR"
2004,NA,"KIR"
2005,NA,"KIR"
2006,NA,"KIR"
2007,3.3,"KIR"
2008,3.1,"KIR"
2009,2.8,"KIR"
1998,NA,"PRK"
1999,NA,"PRK"
2000,NA,"PRK"
2001,NA,"PRK"
2002,NA,"PRK"
2003,NA,"PRK"
2004,NA,"PRK"
2005,NA,"PRK"
2006,NA,"PRK"
2007,NA,"PRK"
2008,NA,"PRK"
2009,NA,"PRK"
1998,NA,"KOR"
1999,NA,"KOR"
2000,NA,"KOR"
2001,NA,"KOR"
2002,NA,"KOR"
2003,NA,"KOR"
2004,NA,"KOR"
2005,NA,"KOR"
2006,NA,"KOR"
2007,NA,"KOR"
2008,NA,"KOR"
2009,5.5,"KOR"
1998,NA,"KSV"
1999,NA,"KSV"
2000,NA,"KSV"
2001,NA,"KSV"
2002,NA,"KSV"
2003,NA,"KSV"
2004,NA,"KSV"
2005,NA,"KSV"
2006,NA,"KSV"
2007,NA,"KSV"
2008,NA,"KSV"
2009,NA,"KSV"
1998,NA,"KWT"
1999,NA,"KWT"
2000,NA,"KWT"
2001,NA,"KWT"
2002,NA,"KWT"
2003,5.3,"KWT"
2004,4.6,"KWT"
2005,4.7,"KWT"
2006,4.8,"KWT"
2007,NA,"KWT"
2008,4.3,"KWT"
2009,4.1,"KWT"
1998,NA,"KWT"
1999,NA,"KWT"
2000,NA,"KWT"
2001,NA,"KWT"
2002,NA,"KWT"
2003,NA,"KWT"
2004,NA,"KWT"
2005,NA,"KWT"
2006,NA,"KWT"
2007,4.3,"KWT"
2008,NA,"KWT"
2009,NA,"KWT"
1998,NA,"KGZ"
1999,2.2,"KGZ"
2000,NA,"KGZ"
2001,NA,"KGZ"
2002,NA,"KGZ"
2003,NA,"KGZ"
2004,NA,"KGZ"
2005,NA,"KGZ"
2006,NA,"KGZ"
2007,NA,"KGZ"
2008,NA,"KGZ"
2009,NA,"KGZ"
1998,NA,"KGZ"
1999,NA,"KGZ"
2000,NA,"KGZ"
2001,NA,"KGZ"
2002,NA,"KGZ"
2003,2.1,"KGZ"
2004,2.2,"KGZ"
2005,2.3,"KGZ"
2006,2.2,"KGZ"
2007,2.1,"KGZ"
2008,1.8,"KGZ"
2009,1.9,"KGZ"
1998,NA,"LAO"
1999,NA,"LAO"
2000,NA,"LAO"
2001,NA,"LAO"
2002,NA,"LAO"
2003,NA,"LAO"
2004,NA,"LAO"
2005,3.3,"LAO"
2006,2.6,"LAO"
2007,1.9,"LAO"
2008,2,"LAO"
2009,2,"LAO"
1998,2.7,"LVA"
1999,3.4,"LVA"
2000,3.4,"LVA"
2001,3.4,"LVA"
2002,3.7,"LVA"
2003,3.8,"LVA"
2004,4,"LVA"
2005,4.2,"LVA"
2006,4.7,"LVA"
2007,4.8,"LVA"
2008,5,"LVA"
2009,4.5,"LVA"
1998,NA,"LBN"
1999,NA,"LBN"
2000,NA,"LBN"
2001,NA,"LBN"
2002,NA,"LBN"
2003,3,"LBN"
2004,2.7,"LBN"
2005,3.1,"LBN"
2006,3.6,"LBN"
2007,3,"LBN"
2008,3,"LBN"
2009,2.5,"LBN"
1998,NA,"LSO"
1999,NA,"LSO"
2000,NA,"LSO"
2001,NA,"LSO"
2002,NA,"LSO"
2003,NA,"LSO"
2004,NA,"LSO"
2005,3.4,"LSO"
2006,3.2,"LSO"
2007,3.3,"LSO"
2008,3.2,"LSO"
2009,3.3,"LSO"
1998,NA,"LBR"
1999,NA,"LBR"
2000,NA,"LBR"
2001,NA,"LBR"
2002,NA,"LBR"
2003,NA,"LBR"
2004,NA,"LBR"
2005,2.2,"LBR"
2006,NA,"LBR"
2007,2.1,"LBR"
2008,2.4,"LBR"
2009,3.1,"LBR"
1998,NA,"LBY"
1999,NA,"LBY"
2000,NA,"LBY"
2001,NA,"LBY"
2002,NA,"LBY"
2003,2.1,"LBY"
2004,2.5,"LBY"
2005,2.5,"LBY"
2006,2.7,"LBY"
2007,2.5,"LBY"
2008,2.6,"LBY"
2009,2.5,"LBY"
1998,NA,"LTU"
1999,3.8,"LTU"
2000,4.1,"LTU"
2001,4.8,"LTU"
2002,4.8,"LTU"
2003,4.7,"LTU"
2004,4.6,"LTU"
2005,4.8,"LTU"
2006,4.8,"LTU"
2007,4.8,"LTU"
2008,4.6,"LTU"
2009,4.9,"LTU"
1998,8.7,"LUX"
1999,8.8,"LUX"
2000,8.6,"LUX"
2001,8.7,"LUX"
2002,9,"LUX"
2003,8.7,"LUX"
2004,8.4,"LUX"
2005,8.5,"LUX"
2006,8.6,"LUX"
2007,8.4,"LUX"
2008,8.3,"LUX"
2009,8.2,"LUX"
1998,NA,"MAC"
1999,NA,"MAC"
2000,NA,"MAC"
2001,NA,"MAC"
2002,NA,"MAC"
2003,NA,"MAC"
2004,NA,"MAC"
2005,NA,"MAC"
2006,6.6,"MAC"
2007,5.7,"MAC"
2008,5.4,"MAC"
2009,5.3,"MAC"
1998,NA,"MKD"
1999,3.3,"MKD"
2000,NA,"MKD"
2001,NA,"MKD"
2002,NA,"MKD"
2003,2.3,"MKD"
2004,2.7,"MKD"
2005,2.7,"MKD"
2006,2.7,"MKD"
2007,NA,"MKD"
2008,NA,"MKD"
2009,NA,"MKD"
1998,NA,"MKD"
1999,NA,"MKD"
2000,NA,"MKD"
2001,NA,"MKD"
2002,NA,"MKD"
2003,NA,"MKD"
2004,NA,"MKD"
2005,NA,"MKD"
2006,NA,"MKD"
2007,NA,"MKD"
2008,3.6,"MKD"
2009,NA,"MKD"
1998,NA,"MDG"
1999,NA,"MDG"
2000,NA,"MDG"
2001,NA,"MDG"
2002,1.7,"MDG"
2003,2.6,"MDG"
2004,3.1,"MDG"
2005,2.8,"MDG"
2006,3.1,"MDG"
2007,3.2,"MDG"
2008,3.4,"MDG"
2009,3,"MDG"
1998,4.1,"MWI"
1999,4.1,"MWI"
2000,4.1,"MWI"
2001,3.2,"MWI"
2002,2.9,"MWI"
2003,2.8,"MWI"
2004,2.8,"MWI"
2005,2.8,"MWI"
2006,2.7,"MWI"
2007,2.7,"MWI"
2008,2.8,"MWI"
2009,3.3,"MWI"
1998,5.3,"MYS"
1999,5.1,"MYS"
2000,4.8,"MYS"
2001,5,"MYS"
2002,4.9,"MYS"
2003,5.2,"MYS"
2004,5,"MYS"
2005,5.1,"MYS"
2006,5,"MYS"
2007,5.1,"MYS"
2008,5.1,"MYS"
2009,4.5,"MYS"
1998,NA,"MDV"
1999,NA,"MDV"
2000,NA,"MDV"
2001,NA,"MDV"
2002,NA,"MDV"
2003,NA,"MDV"
2004,NA,"MDV"
2005,NA,"MDV"
2006,NA,"MDV"
2007,3.3,"MDV"
2008,2.8,"MDV"
2009,2.5,"MDV"
1998,NA,"MLI"
1999,NA,"MLI"
2000,NA,"MLI"
2001,NA,"MLI"
2002,NA,"MLI"
2003,3,"MLI"
2004,3.2,"MLI"
2005,2.9,"MLI"
2006,2.8,"MLI"
2007,2.7,"MLI"
2008,3.1,"MLI"
2009,2.8,"MLI"
1998,NA,"MLT"
1999,NA,"MLT"
2000,NA,"MLT"
2001,NA,"MLT"
2002,NA,"MLT"
2003,NA,"MLT"
2004,6.8,"MLT"
2005,6.6,"MLT"
2006,6.4,"MLT"
2007,5.8,"MLT"
2008,5.8,"MLT"
2009,5.2,"MLT"
1998,NA,"MRT"
1999,NA,"MRT"
2000,NA,"MRT"
2001,NA,"MRT"
2002,NA,"MRT"
2003,NA,"MRT"
2004,NA,"MRT"
2005,NA,"MRT"
2006,3.1,"MRT"
2007,2.6,"MRT"
2008,2.8,"MRT"
2009,2.5,"MRT"
1998,5,"MUS"
1999,4.9,"MUS"
2000,4.7,"MUS"
2001,4.5,"MUS"
2002,4.5,"MUS"
2003,4.4,"MUS"
2004,4.1,"MUS"
2005,4.2,"MUS"
2006,5.1,"MUS"
2007,4.7,"MUS"
2008,5.5,"MUS"
2009,5.4,"MUS"
1998,3.3,"MEX"
1999,3.4,"MEX"
2000,3.3,"MEX"
2001,3.7,"MEX"
2002,3.6,"MEX"
2003,3.6,"MEX"
2004,3.6,"MEX"
2005,3.5,"MEX"
2006,3.3,"MEX"
2007,3.5,"MEX"
2008,3.6,"MEX"
2009,3.3,"MEX"
1998,NA,"MDA"
1999,2.6,"MDA"
2000,2.6,"MDA"
2001,3.1,"MDA"
2002,2.1,"MDA"
2003,2.4,"MDA"
2004,2.3,"MDA"
2005,2.9,"MDA"
2006,3.2,"MDA"
2007,NA,"MDA"
2008,2.9,"MDA"
2009,3.3,"MDA"
1998,NA,"MDA"
1999,NA,"MDA"
2000,NA,"MDA"
2001,NA,"MDA"
2002,NA,"MDA"
2003,NA,"MDA"
2004,NA,"MDA"
2005,NA,"MDA"
2006,NA,"MDA"
2007,2.8,"MDA"
2008,NA,"MDA"
2009,NA,"MDA"
1998,NA,"MNG"
1999,4.3,"MNG"
2000,NA,"MNG"
2001,NA,"MNG"
2002,NA,"MNG"
2003,NA,"MNG"
2004,3,"MNG"
2005,3,"MNG"
2006,2.8,"MNG"
2007,3,"MNG"
2008,3,"MNG"
2009,2.7,"MNG"
1998,NA,"MNE"
1999,NA,"MNE"
2000,NA,"MNE"
2001,NA,"MNE"
2002,NA,"MNE"
2003,NA,"MNE"
2004,NA,"MNE"
2005,NA,"MNE"
2006,NA,"MNE"
2007,3.3,"MNE"
2008,3.4,"MNE"
2009,3.9,"MNE"
1998,3.7,"MAR"
1999,4.1,"MAR"
2000,4.7,"MAR"
2001,NA,"MAR"
2002,3.7,"MAR"
2003,3.3,"MAR"
2004,3.2,"MAR"
2005,3.2,"MAR"
2006,3.2,"MAR"
2007,3.5,"MAR"
2008,3.5,"MAR"
2009,3.3,"MAR"
1998,NA,"MOZ"
1999,3.5,"MOZ"
2000,2.2,"MOZ"
2001,NA,"MOZ"
2002,NA,"MOZ"
2003,2.7,"MOZ"
2004,2.8,"MOZ"
2005,2.8,"MOZ"
2006,2.8,"MOZ"
2007,2.8,"MOZ"
2008,2.6,"MOZ"
2009,2.5,"MOZ"
1998,NA,"MMR"
1999,NA,"MMR"
2000,NA,"MMR"
2001,NA,"MMR"
2002,NA,"MMR"
2003,1.6,"MMR"
2004,1.7,"MMR"
2005,1.8,"MMR"
2006,1.9,"MMR"
2007,1.4,"MMR"
2008,1.3,"MMR"
2009,1.4,"MMR"
1998,5.3,"NAM"
1999,5.3,"NAM"
2000,5.4,"NAM"
2001,5.4,"NAM"
2002,5.7,"NAM"
2003,4.7,"NAM"
2004,4.1,"NAM"
2005,4.3,"NAM"
2006,4.1,"NAM"
2007,4.5,"NAM"
2008,4.5,"NAM"
2009,4.5,"NAM"
1998,NA,"NPL"
1999,NA,"NPL"
2000,NA,"NPL"
2001,NA,"NPL"
2002,NA,"NPL"
2003,NA,"NPL"
2004,2.8,"NPL"
2005,2.5,"NPL"
2006,2.5,"NPL"
2007,2.5,"NPL"
2008,2.7,"NPL"
2009,2.3,"NPL"
1998,9,"NLD"
1999,9,"NLD"
2000,8.9,"NLD"
2001,8.8,"NLD"
2002,9,"NLD"
2003,8.9,"NLD"
2004,8.7,"NLD"
2005,8.6,"NLD"
2006,8.7,"NLD"
2007,9,"NLD"
2008,8.9,"NLD"
2009,8.9,"NLD"
1998,9.4,"NZL"
1999,9.4,"NZL"
2000,9.4,"NZL"
2001,9.4,"NZL"
2002,9.5,"NZL"
2003,9.5,"NZL"
2004,9.6,"NZL"
2005,9.6,"NZL"
2006,9.6,"NZL"
2007,9.4,"NZL"
2008,9.3,"NZL"
2009,9.4,"NZL"
1998,3,"NIC"
1999,3.1,"NIC"
2000,NA,"NIC"
2001,2.4,"NIC"
2002,2.5,"NIC"
2003,2.6,"NIC"
2004,2.7,"NIC"
2005,2.6,"NIC"
2006,2.6,"NIC"
2007,2.6,"NIC"
2008,2.5,"NIC"
2009,2.5,"NIC"
1998,NA,"NER"
1999,NA,"NER"
2000,NA,"NER"
2001,NA,"NER"
2002,NA,"NER"
2003,NA,"NER"
2004,2.2,"NER"
2005,2.4,"NER"
2006,2.3,"NER"
2007,2.6,"NER"
2008,2.8,"NER"
2009,2.9,"NER"
1998,1.9,"NGA"
1999,1.6,"NGA"
2000,1.2,"NGA"
2001,1,"NGA"
2002,1.6,"NGA"
2003,1.4,"NGA"
2004,1.6,"NGA"
2005,1.9,"NGA"
2006,2.2,"NGA"
2007,2.2,"NGA"
2008,2.7,"NGA"
2009,2.5,"NGA"
1998,9,"NOR"
1999,8.9,"NOR"
2000,9.1,"NOR"
2001,8.6,"NOR"
2002,8.5,"NOR"
2003,8.8,"NOR"
2004,8.9,"NOR"
2005,8.9,"NOR"
2006,8.8,"NOR"
2007,8.7,"NOR"
2008,7.9,"NOR"
2009,8.6,"NOR"
1998,NA,"OMN"
1999,NA,"OMN"
2000,NA,"OMN"
2001,NA,"OMN"
2002,NA,"OMN"
2003,6.3,"OMN"
2004,6.1,"OMN"
2005,6.3,"OMN"
2006,5.4,"OMN"
2007,4.7,"OMN"
2008,5.5,"OMN"
2009,5.5,"OMN"
1998,2.7,"PAK"
1999,2.2,"PAK"
2000,NA,"PAK"
2001,2.3,"PAK"
2002,2.6,"PAK"
2003,2.5,"PAK"
2004,2.1,"PAK"
2005,2.1,"PAK"
2006,2.2,"PAK"
2007,2.4,"PAK"
2008,2.5,"PAK"
2009,2.4,"PAK"
1998,NA,"PSE"
1999,NA,"PSE"
2000,NA,"PSE"
2001,NA,"PSE"
2002,NA,"PSE"
2003,3,"PSE"
2004,NA,"PSE"
2005,2.6,"PSE"
2006,NA,"PSE"
2007,NA,"PSE"
2008,NA,"PSE"
2009,NA,"PSE"
1998,NA,"PSE"
1999,NA,"PSE"
2000,NA,"PSE"
2001,NA,"PSE"
2002,NA,"PSE"
2003,NA,"PSE"
2004,2.5,"PSE"
2005,NA,"PSE"
2006,NA,"PSE"
2007,NA,"PSE"
2008,NA,"PSE"
2009,NA,"PSE"
1998,NA,"PAN"
1999,NA,"PAN"
2000,NA,"PAN"
2001,3.7,"PAN"
2002,3,"PAN"
2003,3.4,"PAN"
2004,3.7,"PAN"
2005,3.5,"PAN"
2006,3.1,"PAN"
2007,3.2,"PAN"
2008,3.4,"PAN"
2009,3.4,"PAN"
1998,NA,"PNG"
1999,NA,"PNG"
2000,NA,"PNG"
2001,NA,"PNG"
2002,NA,"PNG"
2003,2.1,"PNG"
2004,2.6,"PNG"
2005,2.3,"PNG"
2006,2.4,"PNG"
2007,2,"PNG"
2008,2,"PNG"
2009,2.1,"PNG"
1998,1.5,"PRY"
1999,2,"PRY"
2000,NA,"PRY"
2001,NA,"PRY"
2002,1.7,"PRY"
2003,1.6,"PRY"
2004,1.9,"PRY"
2005,2.1,"PRY"
2006,2.6,"PRY"
2007,2.4,"PRY"
2008,2.4,"PRY"
2009,2.1,"PRY"
1998,4.5,"PER"
1999,4.5,"PER"
2000,4.4,"PER"
2001,4.1,"PER"
2002,4,"PER"
2003,3.7,"PER"
2004,3.5,"PER"
2005,3.5,"PER"
2006,3.3,"PER"
2007,3.5,"PER"
2008,3.6,"PER"
2009,3.7,"PER"
1998,3.3,"PHL"
1999,3.6,"PHL"
2000,2.8,"PHL"
2001,2.9,"PHL"
2002,2.6,"PHL"
2003,2.5,"PHL"
2004,2.6,"PHL"
2005,2.5,"PHL"
2006,2.5,"PHL"
2007,2.5,"PHL"
2008,2.3,"PHL"
2009,2.4,"PHL"
1998,4.6,"POL"
1999,4.2,"POL"
2000,4.1,"POL"
2001,4.1,"POL"
2002,4,"POL"
2003,3.6,"POL"
2004,3.5,"POL"
2005,3.4,"POL"
2006,3.7,"POL"
2007,4.2,"POL"
2008,4.6,"POL"
2009,5,"POL"
1998,6.5,"PRT"
1999,6.7,"PRT"
2000,6.4,"PRT"
2001,6.3,"PRT"
2002,6.3,"PRT"
2003,6.6,"PRT"
2004,6.3,"PRT"
2005,6.5,"PRT"
2006,6.6,"PRT"
2007,6.5,"PRT"
2008,6.1,"PRT"
2009,5.8,"PRT"
1998,NA,"PRI"
1999,NA,"PRI"
2000,NA,"PRI"
2001,NA,"PRI"
2002,NA,"PRI"
2003,NA,"PRI"
2004,NA,"PRI"
2005,NA,"PRI"
2006,NA,"PRI"
2007,NA,"PRI"
2008,5.8,"PRI"
2009,5.8,"PRI"
1998,NA,"QAT"
1999,NA,"QAT"
2000,NA,"QAT"
2001,NA,"QAT"
2002,NA,"QAT"
2003,5.6,"QAT"
2004,5.2,"QAT"
2005,5.9,"QAT"
2006,6,"QAT"
2007,6,"QAT"
2008,6.5,"QAT"
2009,7,"QAT"
1998,3,"ROU"
1999,3.3,"ROU"
2000,2.9,"ROU"
2001,2.8,"ROU"
2002,2.6,"ROU"
2003,2.8,"ROU"
2004,2.9,"ROU"
2005,3,"ROU"
2006,3.1,"ROU"
2007,3.7,"ROU"
2008,3.8,"ROU"
2009,3.8,"ROU"
1998,2.4,"RUS"
1999,2.4,"RUS"
2000,2.1,"RUS"
2001,2.3,"RUS"
2002,2.7,"RUS"
2003,2.7,"RUS"
2004,2.8,"RUS"
2005,2.4,"RUS"
2006,2.5,"RUS"
2007,2.3,"RUS"
2008,2.1,"RUS"
2009,2.2,"RUS"
1998,NA,"RWA"
1999,NA,"RWA"
2000,NA,"RWA"
2001,NA,"RWA"
2002,NA,"RWA"
2003,NA,"RWA"
2004,NA,"RWA"
2005,3.1,"RWA"
2006,2.5,"RWA"
2007,2.8,"RWA"
2008,3,"RWA"
2009,3.3,"RWA"
1998,NA,"LCA"
1999,NA,"LCA"
2000,NA,"LCA"
2001,NA,"LCA"
2002,NA,"LCA"
2003,NA,"LCA"
2004,NA,"LCA"
2005,NA,"LCA"
2006,NA,"LCA"
2007,6.8,"LCA"
2008,7.1,"LCA"
2009,7,"LCA"
1998,NA,"VCT"
1999,NA,"VCT"
2000,NA,"VCT"
2001,NA,"VCT"
2002,NA,"VCT"
2003,NA,"VCT"
2004,NA,"VCT"
2005,NA,"VCT"
2006,NA,"VCT"
2007,6.1,"VCT"
2008,6.5,"VCT"
2009,6.4,"VCT"
1998,NA,"WSM"
1999,NA,"WSM"
2000,NA,"WSM"
2001,NA,"WSM"
2002,NA,"WSM"
2003,NA,"WSM"
2004,NA,"WSM"
2005,NA,"WSM"
2006,NA,"WSM"
2007,4.5,"WSM"
2008,4.4,"WSM"
2009,4.5,"WSM"
1998,NA,"STP"
1999,NA,"STP"
2000,NA,"STP"
2001,NA,"STP"
2002,NA,"STP"
2003,NA,"STP"
2004,NA,"STP"
2005,NA,"STP"
2006,NA,"STP"
2007,2.7,"STP"
2008,2.7,"STP"
2009,2.8,"STP"
1998,NA,"STP"
1999,NA,"STP"
2000,NA,"STP"
2001,NA,"STP"
2002,NA,"STP"
2003,NA,"STP"
2004,NA,"STP"
2005,NA,"STP"
2006,NA,"STP"
2007,NA,"STP"
2008,NA,"STP"
2009,NA,"STP"
1998,NA,"SAU"
1999,NA,"SAU"
2000,NA,"SAU"
2001,NA,"SAU"
2002,NA,"SAU"
2003,4.5,"SAU"
2004,3.4,"SAU"
2005,3.4,"SAU"
2006,3.3,"SAU"
2007,3.4,"SAU"
2008,3.5,"SAU"
2009,4.3,"SAU"
1998,3.3,"SEN"
1999,3.4,"SEN"
2000,3.5,"SEN"
2001,2.9,"SEN"
2002,3.1,"SEN"
2003,3.2,"SEN"
2004,3,"SEN"
2005,3.2,"SEN"
2006,3.3,"SEN"
2007,3.6,"SEN"
2008,3.4,"SEN"
2009,3,"SEN"
1998,NA,"SRB"
1999,NA,"SRB"
2000,NA,"SRB"
2001,NA,"SRB"
2002,NA,"SRB"
2003,NA,"SRB"
2004,NA,"SRB"
2005,NA,"SRB"
2006,3,"SRB"
2007,3.4,"SRB"
2008,3.4,"SRB"
2009,3.5,"SRB"
1998,NA,"SRB"
1999,NA,"SRB"
2000,NA,"SRB"
2001,NA,"SRB"
2002,NA,"SRB"
2003,NA,"SRB"
2004,2.7,"SRB"
2005,2.8,"SRB"
2006,NA,"SRB"
2007,NA,"SRB"
2008,NA,"SRB"
2009,NA,"SRB"
1998,NA,"SRB"
1999,NA,"SRB"
2000,NA,"SRB"
2001,NA,"SRB"
2002,NA,"SRB"
2003,2.3,"SRB"
2004,NA,"SRB"
2005,NA,"SRB"
2006,NA,"SRB"
2007,NA,"SRB"
2008,NA,"SRB"
2009,NA,"SRB"
1998,NA,"SYC"
1999,NA,"SYC"
2000,NA,"SYC"
2001,NA,"SYC"
2002,NA,"SYC"
2003,NA,"SYC"
2004,4.4,"SYC"
2005,4,"SYC"
2006,3.6,"SYC"
2007,4.5,"SYC"
2008,4.8,"SYC"
2009,4.8,"SYC"
1998,NA,"SLE"
1999,NA,"SLE"
2000,NA,"SLE"
2001,NA,"SLE"
2002,NA,"SLE"
2003,2.2,"SLE"
2004,2.3,"SLE"
2005,2.4,"SLE"
2006,2.2,"SLE"
2007,2.1,"SLE"
2008,1.9,"SLE"
2009,2.2,"SLE"
1998,9.1,"SGP"
1999,9.1,"SGP"
2000,9.1,"SGP"
2001,9.2,"SGP"
2002,9.3,"SGP"
2003,9.4,"SGP"
2004,9.3,"SGP"
2005,9.4,"SGP"
2006,9.4,"SGP"
2007,9.3,"SGP"
2008,9.2,"SGP"
2009,9.2,"SGP"
1998,NA,"SVK"
1999,NA,"SVK"
2000,NA,"SVK"
2001,NA,"SVK"
2002,NA,"SVK"
2003,3.7,"SVK"
2004,4,"SVK"
2005,4.3,"SVK"
2006,4.7,"SVK"
2007,4.9,"SVK"
2008,5,"SVK"
2009,4.5,"SVK"
1998,3.9,"SVK"
1999,3.7,"SVK"
2000,3.5,"SVK"
2001,3.7,"SVK"
2002,3.7,"SVK"
2003,NA,"SVK"
2004,NA,"SVK"
2005,NA,"SVK"
2006,NA,"SVK"
2007,NA,"SVK"
2008,NA,"SVK"
2009,NA,"SVK"
1998,NA,"SVN"
1999,6,"SVN"
2000,5.5,"SVN"
2001,5.2,"SVN"
2002,6,"SVN"
2003,5.9,"SVN"
2004,6,"SVN"
2005,6.1,"SVN"
2006,6.4,"SVN"
2007,6.6,"SVN"
2008,6.7,"SVN"
2009,6.6,"SVN"
1998,NA,"SLB"
1999,NA,"SLB"
2000,NA,"SLB"
2001,NA,"SLB"
2002,NA,"SLB"
2003,NA,"SLB"
2004,NA,"SLB"
2005,NA,"SLB"
2006,NA,"SLB"
2007,2.8,"SLB"
2008,2.9,"SLB"
2009,2.8,"SLB"
1998,NA,"SOM"
1999,NA,"SOM"
2000,NA,"SOM"
2001,NA,"SOM"
2002,NA,"SOM"
2003,NA,"SOM"
2004,NA,"SOM"
2005,2.1,"SOM"
2006,NA,"SOM"
2007,1.4,"SOM"
2008,1,"SOM"
2009,1.1,"SOM"
1998,5.2,"ZAF"
1999,5,"ZAF"
2000,5,"ZAF"
2001,4.8,"ZAF"
2002,4.8,"ZAF"
2003,4.4,"ZAF"
2004,4.6,"ZAF"
2005,4.5,"ZAF"
2006,4.6,"ZAF"
2007,5.1,"ZAF"
2008,4.9,"ZAF"
2009,4.7,"ZAF"
1998,4.2,"KOR"
1999,3.8,"KOR"
2000,4,"KOR"
2001,4.2,"KOR"
2002,4.5,"KOR"
2003,4.3,"KOR"
2004,4.5,"KOR"
2005,5,"KOR"
2006,5.1,"KOR"
2007,5.1,"KOR"
2008,5.6,"KOR"
2009,NA,"KOR"
1998,NA,"SSD"
1999,NA,"SSD"
2000,NA,"SSD"
2001,NA,"SSD"
2002,NA,"SSD"
2003,NA,"SSD"
2004,NA,"SSD"
2005,NA,"SSD"
2006,NA,"SSD"
2007,NA,"SSD"
2008,NA,"SSD"
2009,NA,"SSD"
1998,6.1,"ESP"
1999,6.6,"ESP"
2000,7,"ESP"
2001,7,"ESP"
2002,7.1,"ESP"
2003,6.9,"ESP"
2004,7.1,"ESP"
2005,7,"ESP"
2006,6.8,"ESP"
2007,6.7,"ESP"
2008,6.5,"ESP"
2009,6.1,"ESP"
1998,NA,"LKA"
1999,NA,"LKA"
2000,NA,"LKA"
2001,NA,"LKA"
2002,3.7,"LKA"
2003,3.4,"LKA"
2004,3.5,"LKA"
2005,3.2,"LKA"
2006,3.1,"LKA"
2007,3.2,"LKA"
2008,3.2,"LKA"
2009,3.1,"LKA"
1998,NA,"SDN"
1999,NA,"SDN"
2000,NA,"SDN"
2001,NA,"SDN"
2002,NA,"SDN"
2003,2.3,"SDN"
2004,2.2,"SDN"
2005,2.1,"SDN"
2006,2,"SDN"
2007,1.8,"SDN"
2008,1.6,"SDN"
2009,1.5,"SDN"
1998,NA,"SUR"
1999,NA,"SUR"
2000,NA,"SUR"
2001,NA,"SUR"
2002,NA,"SUR"
2003,NA,"SUR"
2004,4.3,"SUR"
2005,3.2,"SUR"
2006,3,"SUR"
2007,3.5,"SUR"
2008,3.6,"SUR"
2009,3.7,"SUR"
1998,NA,"SWZ"
1999,NA,"SWZ"
2000,NA,"SWZ"
2001,NA,"SWZ"
2002,NA,"SWZ"
2003,NA,"SWZ"
2004,NA,"SWZ"
2005,2.7,"SWZ"
2006,2.5,"SWZ"
2007,3.3,"SWZ"
2008,3.6,"SWZ"
2009,3.6,"SWZ"
1998,9.5,"SWE"
1999,9.4,"SWE"
2000,9.4,"SWE"
2001,9,"SWE"
2002,9.3,"SWE"
2003,9.3,"SWE"
2004,9.2,"SWE"
2005,9.2,"SWE"
2006,9.2,"SWE"
2007,9.3,"SWE"
2008,9.3,"SWE"
2009,9.2,"SWE"
1998,8.9,"CHE"
1999,8.9,"CHE"
2000,8.6,"CHE"
2001,8.4,"CHE"
2002,8.5,"CHE"
2003,8.8,"CHE"
2004,9.1,"CHE"
2005,9.1,"CHE"
2006,9.1,"CHE"
2007,9,"CHE"
2008,9,"CHE"
2009,9,"CHE"
1998,NA,"SYR"
1999,NA,"SYR"
2000,NA,"SYR"
2001,NA,"SYR"
2002,NA,"SYR"
2003,3.4,"SYR"
2004,3.4,"SYR"
2005,3.4,"SYR"
2006,2.9,"SYR"
2007,2.4,"SYR"
2008,2.1,"SYR"
2009,2.6,"SYR"
1998,NA,"TJK"
1999,NA,"TJK"
2000,NA,"TJK"
2001,NA,"TJK"
2002,NA,"TJK"
2003,NA,"TJK"
2004,NA,"TJK"
2005,NA,"TJK"
2006,NA,"TJK"
2007,NA,"TJK"
2008,2,"TJK"
2009,NA,"TJK"
1998,5.3,"TWN"
1999,5.6,"TWN"
2000,5.5,"TWN"
2001,5.9,"TWN"
2002,5.6,"TWN"
2003,5.7,"TWN"
2004,5.6,"TWN"
2005,5.9,"TWN"
2006,5.9,"TWN"
2007,5.7,"TWN"
2008,5.7,"TWN"
2009,5.6,"TWN"
1998,NA,"TJK"
1999,NA,"TJK"
2000,NA,"TJK"
2001,NA,"TJK"
2002,NA,"TJK"
2003,1.8,"TJK"
2004,2,"TJK"
2005,2.1,"TJK"
2006,2.2,"TJK"
2007,2.1,"TJK"
2008,NA,"TJK"
2009,2,"TJK"
1998,1.9,"TZA"
1999,1.9,"TZA"
2000,2.5,"TZA"
2001,2.2,"TZA"
2002,2.7,"TZA"
2003,2.5,"TZA"
2004,2.8,"TZA"
2005,2.9,"TZA"
2006,2.9,"TZA"
2007,3.2,"TZA"
2008,3,"TZA"
2009,2.6,"TZA"
1998,3,"THA"
1999,3.2,"THA"
2000,3.2,"THA"
2001,3.2,"THA"
2002,3.2,"THA"
2003,3.3,"THA"
2004,3.6,"THA"
2005,3.8,"THA"
2006,3.6,"THA"
2007,3.3,"THA"
2008,3.5,"THA"
2009,3.4,"THA"
1998,NA,"MKD"
1999,NA,"MKD"
2000,NA,"MKD"
2001,NA,"MKD"
2002,NA,"MKD"
2003,NA,"MKD"
2004,NA,"MKD"
2005,NA,"MKD"
2006,NA,"MKD"
2007,NA,"MKD"
2008,NA,"MKD"
2009,NA,"MKD"
1998,NA,"USA"
1999,NA,"USA"
2000,NA,"USA"
2001,NA,"USA"
2002,NA,"USA"
2003,NA,"USA"
2004,NA,"USA"
2005,NA,"USA"
2006,NA,"USA"
2007,NA,"USA"
2008,NA,"USA"
2009,NA,"USA"
1998,NA,"TLS"
1999,NA,"TLS"
2000,NA,"TLS"
2001,NA,"TLS"
2002,NA,"TLS"
2003,NA,"TLS"
2004,NA,"TLS"
2005,NA,"TLS"
2006,2.6,"TLS"
2007,2.6,"TLS"
2008,2.2,"TLS"
2009,2.2,"TLS"
1998,NA,"TGO"
1999,NA,"TGO"
2000,NA,"TGO"
2001,NA,"TGO"
2002,NA,"TGO"
2003,NA,"TGO"
2004,NA,"TGO"
2005,NA,"TGO"
2006,2.4,"TGO"
2007,2.3,"TGO"
2008,2.7,"TGO"
2009,2.8,"TGO"
1998,NA,"TON"
1999,NA,"TON"
2000,NA,"TON"
2001,NA,"TON"
2002,NA,"TON"
2003,NA,"TON"
2004,NA,"TON"
2005,NA,"TON"
2006,NA,"TON"
2007,1.7,"TON"
2008,2.4,"TON"
2009,3,"TON"
1998,NA,"TTO"
1999,NA,"TTO"
2000,NA,"TTO"
2001,NA,"TTO"
2002,NA,"TTO"
2003,4.6,"TTO"
2004,4.2,"TTO"
2005,3.8,"TTO"
2006,3.2,"TTO"
2007,3.4,"TTO"
2008,3.6,"TTO"
2009,3.6,"TTO"
1998,NA,"TTO"
1999,NA,"TTO"
2000,NA,"TTO"
2001,5.3,"TTO"
2002,4.9,"TTO"
2003,NA,"TTO"
2004,NA,"TTO"
2005,NA,"TTO"
2006,NA,"TTO"
2007,NA,"TTO"
2008,NA,"TTO"
2009,NA,"TTO"
1998,5,"TUN"
1999,5,"TUN"
2000,5.2,"TUN"
2001,5.3,"TUN"
2002,4.8,"TUN"
2003,4.9,"TUN"
2004,5,"TUN"
2005,4.9,"TUN"
2006,4.6,"TUN"
2007,4.2,"TUN"
2008,4.4,"TUN"
2009,4.2,"TUN"
1998,3.4,"TUR"
1999,3.6,"TUR"
2000,3.8,"TUR"
2001,3.6,"TUR"
2002,3.2,"TUR"
2003,3.1,"TUR"
2004,3.2,"TUR"
2005,3.5,"TUR"
2006,3.8,"TUR"
2007,4.1,"TUR"
2008,4.6,"TUR"
2009,4.4,"TUR"
1998,NA,"TKM"
1999,NA,"TKM"
2000,NA,"TKM"
2001,NA,"TKM"
2002,NA,"TKM"
2003,NA,"TKM"
2004,2,"TKM"
2005,1.8,"TKM"
2006,2.2,"TKM"
2007,2,"TKM"
2008,1.8,"TKM"
2009,1.8,"TKM"
1998,2.6,"UGA"
1999,2.2,"UGA"
2000,2.3,"UGA"
2001,1.9,"UGA"
2002,2.1,"UGA"
2003,2.2,"UGA"
2004,2.6,"UGA"
2005,2.5,"UGA"
2006,2.7,"UGA"
2007,2.8,"UGA"
2008,2.6,"UGA"
2009,2.5,"UGA"
1998,2.8,"UKR"
1999,2.6,"UKR"
2000,1.5,"UKR"
2001,2.1,"UKR"
2002,2.4,"UKR"
2003,2.3,"UKR"
2004,2.2,"UKR"
2005,2.6,"UKR"
2006,2.8,"UKR"
2007,2.7,"UKR"
2008,2.5,"UKR"
2009,2.2,"UKR"
1998,NA,"ARE"
1999,NA,"ARE"
2000,NA,"ARE"
2001,NA,"ARE"
2002,NA,"ARE"
2003,5.2,"ARE"
2004,6.1,"ARE"
2005,6.2,"ARE"
2006,6.2,"ARE"
2007,5.7,"ARE"
2008,5.9,"ARE"
2009,6.5,"ARE"
1998,8.7,"GBR"
1999,8.6,"GBR"
2000,8.7,"GBR"
2001,8.3,"GBR"
2002,8.7,"GBR"
2003,8.7,"GBR"
2004,8.6,"GBR"
2005,8.6,"GBR"
2006,8.6,"GBR"
2007,8.4,"GBR"
2008,7.7,"GBR"
2009,7.7,"GBR"
1998,7.5,"USA"
1999,NA,"USA"
2000,NA,"USA"
2001,NA,"USA"
2002,NA,"USA"
2003,NA,"USA"
2004,NA,"USA"
2005,NA,"USA"
2006,NA,"USA"
2007,NA,"USA"
2008,NA,"USA"
2009,7.5,"USA"
1998,4.3,"URY"
1999,4.4,"URY"
2000,NA,"URY"
2001,5.1,"URY"
2002,5.1,"URY"
2003,5.5,"URY"
2004,6.2,"URY"
2005,5.9,"URY"
2006,6.4,"URY"
2007,6.7,"URY"
2008,6.9,"URY"
2009,6.7,"URY"
1998,NA,"USA"
1999,7.5,"USA"
2000,7.8,"USA"
2001,7.6,"USA"
2002,7.7,"USA"
2003,7.5,"USA"
2004,7.5,"USA"
2005,7.6,"USA"
2006,7.3,"USA"
2007,7.2,"USA"
2008,7.3,"USA"
2009,NA,"USA"
1998,NA,"UZB"
1999,1.8,"UZB"
2000,2.4,"UZB"
2001,2.7,"UZB"
2002,2.9,"UZB"
2003,2.4,"UZB"
2004,2.3,"UZB"
2005,2.2,"UZB"
2006,2.1,"UZB"
2007,1.7,"UZB"
2008,1.8,"UZB"
2009,1.7,"UZB"
1998,NA,"VUT"
1999,NA,"VUT"
2000,NA,"VUT"
2001,NA,"VUT"
2002,NA,"VUT"
2003,NA,"VUT"
2004,NA,"VUT"
2005,NA,"VUT"
2006,NA,"VUT"
2007,3.1,"VUT"
2008,2.9,"VUT"
2009,3.2,"VUT"
1998,2.3,"VEN"
1999,2.6,"VEN"
2000,2.7,"VEN"
2001,2.8,"VEN"
2002,2.5,"VEN"
2003,2.4,"VEN"
2004,2.3,"VEN"
2005,2.3,"VEN"
2006,2.3,"VEN"
2007,2,"VEN"
2008,1.9,"VEN"
2009,1.9,"VEN"
1998,2.5,"VNM"
1999,2.6,"VNM"
2000,2.5,"VNM"
2001,2.6,"VNM"
2002,2.4,"VNM"
2003,2.4,"VNM"
2004,2.6,"VNM"
2005,2.6,"VNM"
2006,NA,"VNM"
2007,NA,"VNM"
2008,NA,"VNM"
2009,2.7,"VNM"
1998,NA,"VNM"
1999,NA,"VNM"
2000,NA,"VNM"
2001,NA,"VNM"
2002,NA,"VNM"
2003,NA,"VNM"
2004,NA,"VNM"
2005,NA,"VNM"
2006,2.6,"VNM"
2007,2.6,"VNM"
2008,2.7,"VNM"
2009,NA,"VNM"
1998,NA,"YEM"
1999,NA,"YEM"
2000,NA,"YEM"
2001,NA,"YEM"
2002,NA,"YEM"
2003,2.6,"YEM"
2004,2.4,"YEM"
2005,2.7,"YEM"
2006,2.6,"YEM"
2007,2.5,"YEM"
2008,2.3,"YEM"
2009,2.1,"YEM"
1998,3,"YUG"
1999,2,"YUG"
2000,1.3,"YUG"
2001,NA,"YUG"
2002,NA,"YUG"
2003,NA,"YUG"
2004,NA,"YUG"
2005,NA,"YUG"
2006,NA,"YUG"
2007,NA,"YUG"
2008,NA,"YUG"
2009,NA,"YUG"
1998,3.5,"ZMB"
1999,3.5,"ZMB"
2000,3.4,"ZMB"
2001,2.6,"ZMB"
2002,2.6,"ZMB"
2003,2.5,"ZMB"
2004,2.6,"ZMB"
2005,2.6,"ZMB"
2006,2.6,"ZMB"
2007,2.6,"ZMB"
2008,2.8,"ZMB"
2009,3,"ZMB"
1998,4.2,"ZWE"
1999,4.1,"ZWE"
2000,3,"ZWE"
2001,2.9,"ZWE"
2002,2.7,"ZWE"
2003,2.3,"ZWE"
2004,2.3,"ZWE"
2005,2.6,"ZWE"
2006,2.4,"ZWE"
2007,2.1,"ZWE"
2008,1.8,"ZWE"
2009,2.2,"ZWE"
2010,93,"DNK"
2010,93,"NZL"
2010,93,"SGP"
2010,92,"FIN"
2010,92,"SWE"
2010,89,"CAN"
2010,88,"NLD"
2010,87,"AUS"
2010,87,"CHE"
2010,86,"NOR"
2010,85,"ISL"
2010,85,"LUX"
2010,84,"HKG"
2010,80,"IRL"
2010,79,"AUT"
2010,79,"DEU"
2010,78,"BRB"
2010,78,"JPN"
2010,77,"QAT"
2010,76,"GBR"
2010,72,"CHL"
2010,71,"BEL"
2010,71,"USA"
2010,69,"URY"
2010,68,"FRA"
2010,65,"EST"
2010,64,"SVN"
2010,63,"CYP"
2010,63,"ARE"
2010,61,"ISR"
2010,61,"ESP"
2010,60,"PRT"
2010,58,"BWA"
2010,58,"PRI"
2010,58,"TWN"
2010,57,"BTN"
2010,56,"MLT"
2010,55,"BRN"
2010,54,"KOR"
2010,54,"MUS"
2010,53,"CRI"
2010,53,"OMN"
2010,53,"POL"
2010,52,"DMA"
2010,51,"CPV"
2010,50,"LTU"
2010,50,"MAC"
2010,49,"BHR"
2010,48,"SYC"
2010,47,"HUN"
2010,47,"JOR"
2010,47,"SAU"
2010,46,"CZE"
2010,45,"KWT"
2010,45,"ZAF"
2010,44,"MYS"
2010,44,"NAM"
2010,44,"TUR"
2010,43,"LVA"
2010,43,"SVK"
2010,43,"TUN"
2010,41,"HRV"
2010,41,"MKD"
2010,41,"GHA"
2010,41,"WSM"
2010,40,"RWA"
2010,39,"ITA"
2010,38,"GEO"
2010,37,"BRA"
2010,37,"CUB"
2010,37,"MNE"
2010,37,"ROU"
2010,36,"BGR"
2010,36,"SLV"
2010,36,"PAN"
2010,36,"TTO"
2010,36,"VUT"
2010,35,"CHN"
2010,35,"COL"
2010,35,"GRC"
2010,35,"LSO"
2010,35,"PER"
2010,35,"SRB"
2010,35,"THA"
2010,34,"MWI"
2010,34,"MAR"
2010,33,"ALB"
2010,33,"IND"
2010,33,"JAM"
2010,33,"LBR"
2010,32,"BIH"
2010,32,"DJI"
2010,32,"GMB"
2010,32,"GTM"
2010,32,"KIR"
2010,32,"LKA"
2010,32,"SWZ"
2010,31,"BFA"
2010,31,"EGY"
2010,31,"MEX"
2010,30,"DOM"
2010,30,"STP"
2010,30,"TON"
2010,30,"ZMB"
2010,29,"DZA"
2010,29,"ARG"
2010,29,"KAZ"
2010,29,"MDA"
2010,29,"SEN"
2010,28,"BEN"
2010,28,"BOL"
2010,28,"GAB"
2010,28,"IDN"
2010,28,"KSV"
2010,28,"SLB"
2010,27,"ETH"
2010,27,"GUY"
2010,27,"MLI"
2010,27,"MNG"
2010,27,"MOZ"
2010,27,"TZA"
2010,27,"VNM"
2010,26,"ARM"
2010,26,"ERI"
2010,26,"MDG"
2010,26,"NER"
2010,25,"BLR"
2010,25,"ECU"
2010,25,"LBN"
2010,25,"NIC"
2010,25,"SYR"
2010,25,"TLS"
2010,25,"UGA"
2010,24,"AZE"
2010,24,"BGD"
2010,24,"HND"
2010,24,"NGA"
2010,24,"PHL"
2010,24,"SLE"
2010,24,"TGO"
2010,24,"UKR"
2010,24,"ZWE"
2010,23,"MDV"
2010,23,"MRT"
2010,23,"PAK"
2010,22,"CMR"
2010,22,"CIV"
2010,22,"HTI"
2010,22,"IRN"
2010,22,"LBY"
2010,22,"NPL"
2010,22,"PRY"
2010,22,"YEM"
2010,21,"KHM"
2010,21,"CAF"
2010,21,"COM"
2010,21,"COG"
2010,21,"GNB"
2010,21,"KEN"
2010,21,"LAO"
2010,21,"PNG"
2010,21,"RUS"
2010,21,"TJK"
2010,20,"COD"
2010,20,"GIN"
2010,20,"KGZ"
2010,20,"VEN"
2010,19,"AGO"
2010,19,"GNQ"
2010,18,"BDI"
2010,17,"TCD"
2010,16,"SDN"
2010,16,"TKM"
2010,16,"UZB"
2010,15,"IRQ"
2010,14,"AFG"
2010,14,"MMR"
2010,11,"SOM"
2011,94.62681,"NZL"
2011,93.9208,"DNK"
2011,94.03927,"FIN"
2011,92.98488,"SWE"
2011,91.66839,"SGP"
2011,89.89854,"NOR"
2011,88.94497,"NLD"
2011,88.44156,"AUS"
2011,88.01674,"CHE"
2011,86.72457,"CAN"
2011,85.0703,"LUX"
2011,83.89815,"HKG"
2011,82.74027,"ISL"
2011,80.46144,"DEU"
2011,80.409,"JPN"
2011,77.86903,"AUT"
2011,77.73902,"BRB"
2011,77.75084,"GBR"
2011,74.87431,"BEL"
2011,75.36039,"IRL"
2011,72.89454,"BHS"
2011,72.13856,"CHL"
2011,71.55269,"QAT"
2011,71.35683,"USA"
2011,70.05064,"FRA"
2011,70.18194,"LCA"
2011,70.4446,"URY"
2011,68.22888,"ARE"
2011,63.53611,"EST"
2011,62.65644,"CYP"
2011,62.296,"ESP"
2011,60.77882,"BWA"
2011,60.97609,"PRT"
2011,61.36312,"TWN"
2011,58.70487,"SVN"
2011,58.0688,"ISR"
2011,57.61158,"VCT"
2011,57.42364,"BTN"
2011,55.92464,"MLT"
2011,55.86649,"PRI"
2011,55.24542,"CPV"
2011,54.82418,"POL"
2011,53.56394,"KOR"
2011,52.07397,"BRN"
2011,51.7456,"DMA"
2011,51.09879,"BHR"
2011,51.10873,"MAC"
2011,50.67148,"MUS"
2011,49.83419,"RWA"
2011,47.98095,"CRI"
2011,47.51965,"LTU"
2011,48.34576,"OMN"
2011,48.2171,"SYC"
2011,45.55448,"HUN"
2011,46.16031,"KWT"
2011,44.85752,"JOR"
2011,43.68084,"CZE"
2011,44.2965,"NAM"
2011,43.86654,"SAU"
2011,43.07416,"MYS"
2011,41.63939,"CUB"
2011,41.943,"LVA"
2011,42.06861,"TUR"
2011,41.32969,"GEO"
2011,40.80277,"ZAF"
2011,40.34245,"HRV"
2011,39.69978,"MNE"
2011,39.71617,"SVK"
2011,38.5076,"GHA"
2011,39.06913,"ITA"
2011,39.42666,"MKD"
2011,38.79217,"WSM"
2011,37.7411,"BRA"
2011,37.59299,"TUN"
2011,36.35573,"CHN"
2011,36.12146,"ROU"
2011,35.11906,"GMB"
2011,35.16105,"LSO"
2011,35.29686,"VUT"
2011,34.46674,"COL"
2011,34.24892,"SLV"
2011,33.88967,"GRC"
2011,34.43408,"MAR"
2011,33.85607,"PER"
2011,33.81004,"THA"
2011,33.28966,"BGR"
2011,33.41237,"JAM"
2011,32.66199,"PAN"
2011,33.12795,"SRB"
2011,32.95176,"LKA"
2011,32.07211,"BIH"
2011,31.88795,"LBR"
2011,31.70273,"TTO"
2011,31.95245,"ZMB"
2011,30.52946,"ALB"
2011,30.99087,"IND"
2011,30.80074,"KIR"
2011,30.81774,"SWZ"
2011,31.39194,"TON"
2011,29.96074,"ARG"
2011,29.6985,"BEN"
2011,30.46324,"BFA"
2011,29.8107,"DJI"
2011,29.83002,"GAB"
2011,30.2781,"IDN"
2011,30.40804,"MDG"
2011,30.02285,"MWI"
2011,29.70855,"MEX"
2011,29.86329,"STP"
2011,30.286,"SUR"
2011,29.50526,"TZA"
2011,29.04377,"DZA"
2011,28.62187,"EGY"
2011,28.51413,"KSV"
2011,28.78946,"MDA"
2011,28.70529,"SEN"
2011,28.64383,"VNM"
2011,27.63231,"BOL"
2011,27.58701,"MLI"
2011,26.56912,"BGD"
2011,26.50216,"ECU"
2011,26.90912,"ETH"
2011,27.27781,"GTM"
2011,27.20371,"IRN"
2011,26.93975,"KAZ"
2011,26.76712,"MNG"
2011,26.87722,"MOZ"
2011,27.06382,"SLB"
2011,26.28996,"ARM"
2011,25.89769,"DOM"
2011,25.91903,"HND"
2011,26.44299,"PHL"
2011,25.57818,"SYR"
2011,24.52247,"CMR"
2011,24.75597,"ERI"
2011,24.87627,"GUY"
2011,24.86844,"LBN"
2011,24.70782,"MDV"
2011,25.29546,"NIC"
2011,25.40459,"NER"
2011,24.67952,"PAK"
2011,24.60909,"SLE"
2011,23.75235,"AZE"
2011,24.18323,"BLR"
2011,24.10707,"COM"
2011,24.27348,"MRT"
2011,24.49336,"NGA"
2011,24.48757,"RUS"
2011,23.76135,"TLS"
2011,23.82138,"TGO"
2011,24.33897,"UGA"
2011,22.71689,"TJK"
2011,22.96875,"UKR"
2011,22.10424,"CAF"
2011,21.54337,"COG"
2011,22.33704,"CIV"
2011,22.01865,"GNB"
2011,22.4349,"KEN"
2011,22.13967,"LAO"
2011,22.11227,"NPL"
2011,21.65489,"PNG"
2011,22.17671,"PRY"
2011,22.29767,"ZWE"
2011,21.10559,"KHM"
2011,21.10293,"GIN"
2011,21.19878,"KGZ"
2011,20.80347,"YEM"
2011,20.05035,"AGO"
2011,20.40463,"TCD"
2011,20.21067,"COD"
2011,20.1449,"LBY"
2011,19.35236,"BDI"
2011,19.12177,"GNQ"
2011,18.89497,"VEN"
2011,17.99883,"HTI"
2011,18.04128,"IRQ"
2011,15.63758,"SDN"
2011,16.03173,"TKM"
2011,16.24563,"UZB"
2011,15.17093,"AFG"
2011,14.90296,"MMR"
2011,10.09626,"PRK"
2011,9.834057,"SOM"
2012,90,"DNK"
2012,90,"FIN"
2012,90,"NZL"
2012,88,"SWE"
2012,87,"SGP"
2012,86,"CHE"
2012,85,"AUS"
2012,85,"NOR"
2012,84,"CAN"
2012,84,"NLD"
2012,82,"ISL"
2012,80,"LUX"
2012,79,"DEU"
2012,77,"HKG"
2012,76,"BRB"
2012,75,"BEL"
2012,74,"JPN"
2012,74,"GBR"
2012,73,"USA"
2012,72,"CHL"
2012,72,"URY"
2012,71,"BHS"
2012,71,"FRA"
2012,71,"LCA"
2012,69,"AUT"
2012,69,"IRL"
2012,68,"QAT"
2012,68,"ARE"
2012,66,"CYP"
2012,65,"BWA"
2012,65,"ESP"
2012,64,"EST"
2012,63,"BTN"
2012,63,"PRT"
2012,63,"PRI"
2012,62,"VCT"
2012,61,"SVN"
2012,61,"TWN"
2012,60,"CPV"
2012,60,"ISR"
2012,58,"DMA"
2012,58,"POL"
2012,57,"MLT"
2012,57,"MUS"
2012,56,"KOR"
2012,55,"BRN"
2012,55,"HUN"
2012,54,"CRI"
2012,54,"LTU"
2012,53,"RWA"
2012,52,"GEO"
2012,52,"SYC"
2012,51,"BHR"
2012,49,"CZE"
2012,49,"LVA"
2012,49,"MYS"
2012,49,"TUR"
2012,48,"CUB"
2012,48,"JOR"
2012,48,"NAM"
2012,47,"OMN"
2012,46,"HRV"
2012,46,"SVK"
2012,45,"GHA"
2012,45,"LSO"
2012,44,"KWT"
2012,44,"ROU"
2012,44,"SAU"
2012,43,"BRA"
2012,43,"MKD"
2012,43,"ZAF"
2012,42,"BIH"
2012,42,"ITA"
2012,42,"STP"
2012,41,"BGR"
2012,41,"LBR"
2012,41,"MNE"
2012,41,"TUN"
2012,40,"LKA"
2012,39,"CHN"
2012,39,"SRB"
2012,39,"TTO"
2012,38,"BFA"
2012,38,"SLV"
2012,38,"JAM"
2012,38,"PAN"
2012,38,"PER"
2012,37,"MWI"
2012,37,"MAR"
2012,37,"SUR"
2012,37,"SWZ"
2012,37,"THA"
2012,37,"ZMB"
2012,36,"BEN"
2012,36,"COL"
2012,36,"DJI"
2012,36,"GRC"
2012,36,"IND"
2012,36,"MDA"
2012,36,"MNG"
2012,36,"SEN"
2012,35,"ARG"
2012,35,"GAB"
2012,35,"TZA"
2012,34,"DZA"
2012,34,"ARM"
2012,34,"BOL"
2012,34,"GMB"
2012,34,"KSV"
2012,34,"MLI"
2012,34,"MEX"
2012,34,"PHL"
2012,33,"ALB"
2012,33,"ETH"
2012,33,"GTM"
2012,33,"NER"
2012,33,"TLS"
2012,32,"DOM"
2012,32,"ECU"
2012,32,"EGY"
2012,32,"IDN"
2012,32,"MDG"
2012,31,"BLR"
2012,31,"MRT"
2012,31,"MOZ"
2012,31,"SLE"
2012,31,"VNM"
2012,30,"LBN"
2012,30,"TGO"
2012,29,"CIV"
2012,29,"NIC"
2012,29,"UGA"
2012,28,"COM"
2012,28,"GUY"
2012,28,"HND"
2012,28,"IRN"
2012,28,"KAZ"
2012,28,"RUS"
2012,27,"AZE"
2012,27,"KEN"
2012,27,"NPL"
2012,27,"NGA"
2012,27,"PAK"
2012,26,"BGD"
2012,26,"CMR"
2012,26,"CAF"
2012,26,"COG"
2012,26,"SYR"
2012,26,"UKR"
2012,25,"ERI"
2012,25,"GNB"
2012,25,"PNG"
2012,25,"PRY"
2012,24,"GIN"
2012,24,"KGZ"
2012,23,"YEM"
2012,22,"AGO"
2012,22,"KHM"
2012,22,"TJK"
2012,21,"COD"
2012,21,"LAO"
2012,21,"LBY"
2012,20,"GNQ"
2012,20,"ZWE"
2012,19,"BDI"
2012,19,"TCD"
2012,19,"HTI"
2012,19,"VEN"
2012,18,"IRQ"
2012,17,"TKM"
2012,17,"UZB"
2012,15,"MMR"
2012,13,"SDN"
2012,8,"AFG"
2012,8,"PRK"
2012,8,"SOM"
2013,91,"DNK"
2013,91,"NZL"
2013,89,"FIN"
2013,89,"SWE"
2013,86,"NOR"
2013,86,"SGP"
2013,85,"CHE"
2013,83,"NLD"
2013,81,"AUS"
2013,81,"CAN"
2013,80,"LUX"
2013,78,"DEU"
2013,78,"ISL"
2013,76,"GBR"
2013,75,"BRB"
2013,75,"BEL"
2013,75,"HKG"
2013,74,"JPN"
2013,73,"URY"
2013,73,"USA"
2013,72,"IRL"
2013,71,"BHS"
2013,71,"CHL"
2013,71,"FRA"
2013,71,"LCA"
2013,69,"AUT"
2013,69,"ARE"
2013,68,"EST"
2013,68,"QAT"
2013,64,"BWA"
2013,63,"BTN"
2013,63,"CYP"
2013,62,"PRT"
2013,62,"PRI"
2013,62,"VCT"
2013,61,"ISR"
2013,61,"TWN"
2013,60,"BRN"
2013,60,"POL"
2013,59,"ESP"
2013,58,"CPV"
2013,58,"DMA"
2013,57,"LTU"
2013,57,"SVN"
2013,56,"MLT"
2013,55,"KOR"
2013,54,"HUN"
2013,54,"SYC"
2013,53,"CRI"
2013,53,"LVA"
2013,53,"RWA"
2013,52,"MUS"
2013,50,"MYS"
2013,50,"TUR"
2013,49,"GEO"
2013,49,"LSO"
2013,48,"BHR"
2013,48,"HRV"
2013,48,"CZE"
2013,48,"NAM"
2013,47,"OMN"
2013,47,"SVK"
2013,46,"CUB"
2013,46,"GHA"
2013,46,"SAU"
2013,45,"JOR"
2013,44,"MKD"
2013,44,"MNE"
2013,43,"ITA"
2013,43,"KWT"
2013,43,"ROU"
2013,42,"BIH"
2013,42,"BRA"
2013,42,"STP"
2013,42,"SRB"
2013,42,"ZAF"
2013,41,"BGR"
2013,41,"SEN"
2013,41,"TUN"
2013,40,"CHN"
2013,40,"GRC"
2013,39,"SWZ"
2013,38,"BFA"
2013,38,"SLV"
2013,38,"JAM"
2013,38,"LBR"
2013,38,"MNG"
2013,38,"PER"
2013,38,"TTO"
2013,38,"ZMB"
2013,37,"MWI"
2013,37,"MAR"
2013,37,"LKA"
2013,36,"DZA"
2013,36,"ARM"
2013,36,"BEN"
2013,36,"COL"
2013,36,"DJI"
2013,36,"IND"
2013,36,"PHL"
2013,36,"SUR"
2013,35,"ECU"
2013,35,"MDA"
2013,35,"PAN"
2013,35,"THA"
2013,34,"ARG"
2013,34,"BOL"
2013,34,"GAB"
2013,34,"MEX"
2013,34,"NER"
2013,33,"ETH"
2013,33,"KSV"
2013,33,"TZA"
2013,32,"EGY"
2013,32,"IDN"
2013,31,"ALB"
2013,31,"NPL"
2013,31,"VNM"
2013,30,"MRT"
2013,30,"MOZ"
2013,30,"SLE"
2013,30,"TLS"
2013,29,"BLR"
2013,29,"DOM"
2013,29,"GTM"
2013,29,"TGO"
2013,28,"AZE"
2013,28,"COM"
2013,28,"GMB"
2013,28,"LBN"
2013,28,"MDG"
2013,28,"MLI"
2013,28,"NIC"
2013,28,"PAK"
2013,28,"RUS"
2013,27,"BGD"
2013,27,"CIV"
2013,27,"GUY"
2013,27,"KEN"
2013,26,"HND"
2013,26,"KAZ"
2013,26,"LAO"
2013,26,"UGA"
2013,25,"CMR"
2013,25,"CAF"
2013,25,"IRN"
2013,25,"NGA"
2013,25,"PNG"
2013,25,"UKR"
2013,24,"GIN"
2013,24,"KGZ"
2013,24,"PRY"
2013,23,"AGO"
2013,22,"COG"
2013,22,"COD"
2013,22,"TJK"
2013,21,"BDI"
2013,21,"MMR"
2013,21,"ZWE"
2013,20,"KHM"
2013,20,"ERI"
2013,20,"VEN"
2013,19,"TCD"
2013,19,"GNQ"
2013,19,"GNB"
2013,19,"HTI"
2013,18,"YEM"
2013,17,"SYR"
2013,17,"TKM"
2013,17,"UZB"
2013,16,"IRQ"
2013,15,"LBY"
2013,14,"SSD"
2013,11,"SDN"
2013,8,"AFG"
2013,8,"PRK"
2013,8,"SOM"
2014,92,"DNK"
2014,91,"NZL"
2014,89,"FIN"
2014,87,"SWE"
2014,86,"NOR"
2014,86,"CHE"
2014,84,"SGP"
2014,83,"NLD"
2014,82,"LUX"
2014,81,"CAN"
2014,80,"AUS"
2014,79,"DEU"
2014,79,"ISL"
2014,78,"GBR"
2014,76,"BEL"
2014,76,"JPN"
2014,74,"BRB"
2014,74,"HKG"
2014,74,"IRL"
2014,74,"USA"
2014,73,"CHL"
2014,73,"URY"
2014,72,"AUT"
2014,71,"BHS"
2014,71,"LCA"
2014,70,"ARE"
2014,69,"EST"
2014,69,"FRA"
2014,69,"QAT"
2014,65,"BTN"
2014,63,"BWA"
2014,63,"CYP"
2014,63,"PRT"
2014,63,"PRI"
2014,62,"VCT"
2014,61,"POL"
2014,61,"TWN"
2014,60,"ISR"
2014,60,"ESP"
2014,58,"DMA"
2014,58,"LTU"
2014,58,"SVN"
2014,57,"CPV"
2014,55,"KOR"
2014,55,"LVA"
2014,55,"MLT"
2014,55,"SYC"
2014,54,"CRI"
2014,54,"HUN"
2014,54,"MUS"
2014,52,"GEO"
2014,52,"MYS"
2014,51,"CZE"
2014,50,"SVK"
2014,49,"BHR"
2014,49,"JOR"
2014,49,"LSO"
2014,49,"NAM"
2014,49,"RWA"
2014,49,"SAU"
2014,48,"HRV"
2014,48,"GHA"
2014,46,"CUB"
2014,45,"OMN"
2014,45,"MKD"
2014,45,"TUR"
2014,44,"KWT"
2014,44,"ZAF"
2014,43,"BRA"
2014,43,"BGR"
2014,43,"GRC"
2014,43,"ITA"
2014,43,"ROU"
2014,43,"SEN"
2014,43,"SWZ"
2014,42,"MNE"
2014,42,"STP"
2014,41,"SRB"
2014,40,"TUN"
2014,39,"BEN"
2014,39,"BIH"
2014,39,"SLV"
2014,39,"MNG"
2014,39,"MAR"
2014,38,"BFA"
2014,38,"IND"
2014,38,"JAM"
2014,38,"PER"
2014,38,"PHL"
2014,38,"LKA"
2014,38,"THA"
2014,38,"TTO"
2014,38,"ZMB"
2014,37,"ARM"
2014,37,"COL"
2014,37,"EGY"
2014,37,"GAB"
2014,37,"LBR"
2014,37,"PAN"
2014,36,"DZA"
2014,36,"CHN"
2014,36,"SUR"
2014,35,"BOL"
2014,35,"MEX"
2014,35,"MDA"
2014,35,"NER"
2014,34,"ARG"
2014,34,"DJI"
2014,34,"IDN"
2014,33,"ALB"
2014,33,"ECU"
2014,33,"ETH"
2014,33,"KSV"
2014,33,"MWI"
2014,32,"CIV"
2014,32,"DOM"
2014,32,"GTM"
2014,32,"MLI"
2014,31,"BLR"
2014,31,"MOZ"
2014,31,"SLE"
2014,31,"TZA"
2014,31,"VNM"
2014,30,"GUY"
2014,30,"MRT"
2014,29,"AZE"
2014,29,"GMB"
2014,29,"HND"
2014,29,"KAZ"
2014,29,"NPL"
2014,29,"PAK"
2014,29,"TGO"
2014,28,"MDG"
2014,28,"NIC"
2014,28,"TLS"
2014,27,"CMR"
2014,27,"IRN"
2014,27,"KGZ"
2014,27,"LBN"
2014,27,"NGA"
2014,27,"RUS"
2014,26,"COM"
2014,26,"UGA"
2014,26,"UKR"
2014,25,"BGD"
2014,25,"GIN"
2014,25,"KEN"
2014,25,"LAO"
2014,25,"PNG"
2014,24,"CAF"
2014,24,"PRY"
2014,23,"COG"
2014,23,"TJK"
2014,22,"TCD"
2014,22,"COD"
2014,21,"KHM"
2014,21,"MMR"
2014,21,"ZWE"
2014,20,"BDI"
2014,20,"SYR"
2014,19,"AGO"
2014,19,"GNB"
2014,19,"HTI"
2014,19,"VEN"
2014,19,"YEM"
2014,18,"ERI"
2014,18,"LBY"
2014,18,"UZB"
2014,17,"TKM"
2014,16,"IRQ"
2014,15,"SSD"
2014,12,"AFG"
2014,11,"SDN"
2014,8,"PRK"
2014,8,"SOM"
2015,91,"DNK"
2015,91,"NZL"
2015,90,"FIN"
2015,89,"SWE"
2015,88,"NOR"
2015,86,"CHE"
2015,85,"LUX"
2015,85,"SGP"
2015,84,"NLD"
2015,83,"CAN"
2015,81,"DEU"
2015,81,"GBR"
2015,79,"AUS"
2015,79,"ISL"
2015,77,"BEL"
2015,76,"AUT"
2015,76,"USA"
2015,75,"HKG"
2015,75,"IRL"
2015,75,"JPN"
2015,74,"URY"
2015,71,"QAT"
2015,70,"CHL"
2015,70,"EST"
2015,70,"FRA"
2015,70,"ARE"
2015,65,"BTN"
2015,64,"PRT"
2015,63,"BWA"
2015,63,"POL"
2015,62,"TWN"
2015,61,"CYP"
2015,61,"ISR"
2015,60,"MLT"
2015,60,"SVN"
2015,59,"LTU"
2015,58,"ESP"
2015,56,"CZE"
2015,56,"LVA"
2015,55,"CPV"
2015,55,"CRI"
2015,55,"SYC"
2015,54,"KOR"
2015,54,"RWA"
2015,53,"JOR"
2015,53,"MUS"
2015,53,"NAM"
2015,52,"GEO"
2015,52,"SAU"
2015,51,"BHR"
2015,51,"HRV"
2015,51,"HUN"
2015,51,"SVK"
2015,50,"MYS"
2015,49,"KWT"
2015,47,"CUB"
2015,47,"GHA"
2015,46,"GRC"
2015,46,"ROU"
2015,45,"OMN"
2015,44,"ITA"
2015,44,"LSO"
2015,44,"MNE"
2015,44,"SEN"
2015,44,"ZAF"
2015,42,"STP"
2015,42,"MKD"
2015,42,"TUR"
2015,41,"BGR"
2015,41,"JAM"
2015,40,"SRB"
2015,39,"SLV"
2015,39,"MNG"
2015,39,"PAN"
2015,39,"TTO"
2015,38,"BIH"
2015,38,"BRA"
2015,38,"BFA"
2015,38,"IND"
2015,38,"THA"
2015,38,"TUN"
2015,38,"ZMB"
2015,37,"BEN"
2015,37,"CHN"
2015,37,"COL"
2015,37,"LBR"
2015,37,"LKA"
2015,36,"ALB"
2015,36,"DZA"
2015,36,"EGY"
2015,36,"IDN"
2015,36,"MAR"
2015,36,"PER"
2015,36,"SUR"
2015,35,"ARM"
2015,35,"MLI"
2015,35,"PHL"
2015,34,"BOL"
2015,34,"DJI"
2015,34,"GAB"
2015,34,"NER"
2015,33,"DOM"
2015,33,"ETH"
2015,33,"KSV"
2015,33,"MDA"
2015,32,"ARG"
2015,32,"BLR"
2015,32,"CIV"
2015,32,"ECU"
2015,32,"TGO"
2015,31,"HND"
2015,31,"MWI"
2015,31,"MRT"
2015,31,"MEX"
2015,31,"MOZ"
2015,31,"VNM"
2015,30,"PAK"
2015,30,"TZA"
2015,29,"AZE"
2015,29,"GUY"
2015,29,"RUS"
2015,29,"SLE"
2015,28,"GMB"
2015,28,"GTM"
2015,28,"KAZ"
2015,28,"KGZ"
2015,28,"LBN"
2015,28,"MDG"
2015,28,"TLS"
2015,27,"CMR"
2015,27,"IRN"
2015,27,"NPL"
2015,27,"NIC"
2015,27,"PRY"
2015,27,"UKR"
2015,26,"COM"
2015,26,"NGA"
2015,26,"TJK"
2015,25,"BGD"
2015,25,"GIN"
2015,25,"KEN"
2015,25,"LAO"
2015,25,"PNG"
2015,25,"UGA"
2015,24,"CAF"
2015,23,"COG"
2015,22,"TCD"
2015,22,"COD"
2015,22,"MMR"
2015,21,"BDI"
2015,21,"KHM"
2015,21,"ZWE"
2015,19,"UZB"
2015,18,"ERI"
2015,18,"SYR"
2015,18,"TKM"
2015,18,"YEM"
2015,17,"GNB"
2015,17,"HTI"
2015,17,"VEN"
2015,16,"IRQ"
2015,16,"LBY"
2015,15,"AGO"
2015,15,"SSD"
2015,12,"SDN"
2015,11,"AFG"
2015,8,"PRK"
2015,8,"SOM"
2016,90,"NZL"
2016,90,"DNK"
2016,89,"FIN"
2016,88,"SWE"
2016,86,"CHE"
2016,85,"NOR"
2016,84,"SGP"
2016,83,"NLD"
2016,82,"CAN"
2016,81,"DEU"
2016,81,"LUX"
2016,81,"GBR"
2016,79,"AUS"
2016,78,"ISL"
2016,77,"HKG"
2016,77,"BEL"
2016,75,"AUT"
2016,74,"USA"
2016,73,"IRL"
2016,72,"JPN"
2016,71,"URY"
2016,70,"EST"
2016,69,"FRA"
2016,66,"BHS"
2016,66,"CHL"
2016,66,"ARE"
2016,65,"BTN"
2016,64,"ISR"
2016,62,"POL"
2016,62,"PRT"
2016,61,"BRB"
2016,61,"TWN"
2016,61,"QAT"
2016,61,"SVN"
2016,60,"LCA"
2016,60,"VCT"
2016,60,"BWA"
2016,59,"DMA"
2016,59,"CPV"
2016,59,"LTU"
2016,58,"CRI"
2016,58,"BRN"
2016,58,"ESP"
2016,57,"GEO"
2016,57,"LVA"
2016,56,"GRD"
2016,55,"CYP"
2016,55,"CZE"
2016,55,"MLT"
2016,54,"MUS"
2016,54,"RWA"
2016,53,"KOR"
2016,52,"NAM"
2016,51,"SVK"
2016,49,"MYS"
2016,49,"HRV"
2016,48,"JOR"
2016,48,"HUN"
2016,48,"ROU"
2016,47,"CUB"
2016,47,"ITA"
2016,46,"SAU"
2016,46,"STP"
2016,45,"SUR"
2016,45,"MNE"
2016,45,"OMN"
2016,45,"SEN"
2016,45,"ZAF"
2016,44,"GRC"
2016,43,"BHR"
2016,43,"GHA"
2016,42,"SLB"
2016,42,"SRB"
2016,42,"BFA"
2016,41,"TUR"
2016,41,"KWT"
2016,41,"TUN"
2016,41,"BGR"
2016,40,"BRA"
2016,40,"CHN"
2016,40,"IND"
2016,40,"BLR"
2016,39,"JAM"
2016,39,"ALB"
2016,39,"BIH"
2016,39,"LSO"
2016,38,"PAN"
2016,38,"MNG"
2016,38,"ZMB"
2016,37,"COL"
2016,37,"IDN"
2016,37,"MKD"
2016,37,"MAR"
2016,37,"LBR"
2016,36,"ARG"
2016,36,"SLV"
2016,36,"MDV"
2016,36,"LKA"
2016,36,"KSV"
2016,36,"BEN"
2016,35,"PER"
2016,35,"TTO"
2016,35,"PHL"
2016,35,"THA"
2016,35,"TLS"
2016,35,"GAB"
2016,35,"NER"
2016,34,"GUY"
2016,34,"DZA"
2016,34,"EGY"
2016,34,"CIV"
2016,34,"ETH"
2016,33,"BOL"
2016,33,"VNM"
2016,33,"ARM"
2016,32,"PAK"
2016,32,"MLI"
2016,32,"TZA"
2016,32,"TGO"
2016,31,"DOM"
2016,31,"ECU"
2016,31,"MWI"
2016,30,"HND"
2016,30,"MEX"
2016,30,"PRY"
2016,30,"LAO"
2016,30,"AZE"
2016,30,"MDA"
2016,30,"DJI"
2016,30,"SLE"
2016,29,"NPL"
2016,29,"KAZ"
2016,29,"RUS"
2016,29,"UKR"
2016,29,"IRN"
2016,28,"GTM"
2016,28,"MMR"
2016,28,"PNG"
2016,28,"KGZ"
2016,28,"LBN"
2016,28,"NGA"
2016,27,"GIN"
2016,27,"MRT"
2016,27,"MOZ"
2016,26,"NIC"
2016,26,"BGD"
2016,26,"CMR"
2016,26,"GMB"
2016,26,"KEN"
2016,26,"MDG"
2016,25,"TJK"
2016,25,"UGA"
2016,24,"COM"
2016,22,"TKM"
2016,22,"ZWE"
2016,21,"KHM"
2016,21,"UZB"
2016,21,"COD"
2016,20,"HTI"
2016,20,"BDI"
2016,20,"CAF"
2016,20,"TCD"
2016,20,"COG"
2016,18,"AGO"
2016,18,"ERI"
2016,17,"VEN"
2016,17,"IRQ"
2016,16,"GNB"
2016,15,"AFG"
2016,14,"LBY"
2016,14,"YEM"
2016,14,"SDN"
2016,13,"SYR"
2016,12,"PRK"
2016,11,"SSD"
2016,10,"SOM"
2017,89,"NZL"
2017,88,"DNK"
2017,85,"CHE"
2017,85,"NOR"
2017,85,"FIN"
2017,84,"SWE"
2017,84,"SGP"
2017,82,"CAN"
2017,82,"NLD"
2017,82,"LUX"
2017,82,"GBR"
2017,81,"DEU"
2017,77,"HKG"
2017,77,"ISL"
2017,77,"AUS"
2017,75,"USA"
2017,75,"AUT"
2017,75,"BEL"
2017,74,"IRL"
2017,73,"JPN"
2017,71,"ARE"
2017,71,"EST"
2017,70,"FRA"
2017,70,"URY"
2017,68,"BRB"
2017,67,"CHL"
2017,67,"BTN"
2017,65,"BHS"
2017,63,"QAT"
2017,63,"PRT"
2017,63,"TWN"
2017,62,"BRN"
2017,62,"ISR"
2017,61,"SVN"
2017,61,"BWA"
2017,60,"SYC"
2017,60,"POL"
2017,59,"LTU"
2017,59,"CRI"
2017,58,"LVA"
2017,58,"VCT"
2017,57,"DMA"
2017,57,"CYP"
2017,57,"CZE"
2017,57,"ESP"
2017,56,"GEO"
2017,56,"MLT"
2017,55,"RWA"
2017,55,"CPV"
2017,55,"LCA"
2017,54,"KOR"
2017,52,"GRD"
2017,51,"NAM"
2017,50,"MUS"
2017,50,"ITA"
2017,50,"SVK"
2017,49,"SAU"
2017,49,"HRV"
2017,48,"JOR"
2017,48,"GRC"
2017,48,"ROU"
2017,47,"CUB"
2017,47,"MYS"
2017,46,"STP"
2017,46,"MNE"
2017,45,"HUN"
2017,45,"SEN"
2017,44,"JAM"
2017,44,"OMN"
2017,44,"BLR"
2017,43,"ZAF"
2017,43,"BGR"
2017,43,"VUT"
2017,42,"LSO"
2017,42,"TUN"
2017,42,"BFA"
2017,41,"CHN"
2017,41,"SRB"
2017,41,"SUR"
2017,41,"TTO"
2017,40,"GHA"
2017,40,"IND"
2017,40,"MAR"
2017,40,"TUR"
2017,39,"BEN"
2017,39,"KWT"
2017,39,"SLB"
2017,39,"ARG"
2017,39,"SWZ"
2017,39,"KSV"
2017,38,"BIH"
2017,38,"TLS"
2017,38,"LKA"
2017,38,"ALB"
2017,38,"GUY"
2017,37,"PER"
2017,37,"PAN"
2017,37,"COL"
2017,37,"ZMB"
2017,37,"BRA"
2017,37,"IDN"
2017,37,"THA"
2017,36,"CIV"
2017,36,"TZA"
2017,36,"BHR"
2017,36,"MNG"
2017,35,"ETH"
2017,35,"VNM"
2017,35,"MKD"
2017,35,"ARM"
2017,34,"PHL"
2017,33,"NER"
2017,33,"DZA"
2017,33,"BOL"
2017,33,"SLV"
2017,33,"MDV"
2017,32,"EGY"
2017,32,"ECU"
2017,32,"TGO"
2017,32,"GAB"
2017,32,"PAK"
2017,31,"MWI"
2017,31,"LBR"
2017,31,"DJI"
2017,31,"MLI"
2017,31,"NPL"
2017,31,"MDA"
2017,31,"AZE"
2017,31,"KAZ"
2017,30,"IRN"
2017,30,"MMR"
2017,30,"UKR"
2017,30,"GMB"
2017,30,"SLE"
2017,29,"LAO"
2017,29,"KGZ"
2017,29,"RUS"
2017,29,"PRY"
2017,29,"MEX"
2017,29,"HND"
2017,29,"DOM"
2017,29,"PNG"
2017,28,"MRT"
2017,28,"KEN"
2017,28,"LBN"
2017,28,"BGD"
2017,28,"GTM"
2017,27,"NGA"
2017,27,"GIN"
2017,27,"COM"
2017,26,"NIC"
2017,26,"UGA"
2017,25,"MOZ"
2017,25,"CMR"
2017,24,"MDG"
2017,23,"CAF"
2017,22,"ZWE"
2017,22,"BDI"
2017,22,"HTI"
2017,22,"UZB"
2017,21,"COG"
2017,21,"KHM"
2017,21,"COD"
2017,21,"TJK"
2017,20,"TCD"
2017,20,"ERI"
2017,19,"TKM"
2017,19,"AGO"
2017,18,"VEN"
2017,18,"IRQ"
2017,17,"GNQ"
2017,17,"LBY"
2017,17,"PRK"
2017,17,"GNB"
2017,16,"SDN"
2017,16,"YEM"
2017,15,"AFG"
2017,14,"SYR"
2017,12,"SSD"
2017,9,"SOM"
2018,88,"DNK"
2018,87,"NZL"
2018,85,"FIN"
2018,85,"SGP"
2018,85,"SWE"
2018,85,"CHE"
2018,84,"NOR"
2018,82,"NLD"
2018,81,"CAN"
2018,81,"LUX"
2018,80,"DEU"
2018,80,"GBR"
2018,77,"AUS"
2018,76,"AUT"
2018,76,"HKG"
2018,76,"ISL"
2018,75,"BEL"
2018,73,"EST"
2018,73,"IRL"
2018,73,"JPN"
2018,72,"FRA"
2018,71,"USA"
2018,70,"ARE"
2018,70,"URY"
2018,68,"BRB"
2018,68,"BTN"
2018,67,"CHL"
2018,66,"SYC"
2018,65,"BHS"
2018,64,"PRT"
2018,63,"BRN"
2018,63,"TWN"
2018,62,"QAT"
2018,61,"BWA"
2018,61,"ISR"
2018,60,"POL"
2018,60,"SVN"
2018,59,"CYP"
2018,59,"CZE"
2018,59,"LTU"
2018,58,"GEO"
2018,58,"LVA"
2018,58,"VCT"
2018,58,"ESP"
2018,57,"CPV"
2018,57,"DMA"
2018,57,"KOR"
2018,56,"CRI"
2018,56,"RWA"
2018,55,"LCA"
2018,54,"MLT"
2018,53,"NAM"
2018,52,"GRD"
2018,52,"ITA"
2018,52,"OMN"
2018,51,"MUS"
2018,50,"SVK"
2018,49,"JOR"
2018,49,"SAU"
2018,48,"HRV"
2018,47,"CUB"
2018,47,"MYS"
2018,47,"ROU"
2018,46,"HUN"
2018,46,"STP"
2018,46,"VUT"
2018,45,"GRC"
2018,45,"MNE"
2018,45,"SEN"
2018,44,"BLR"
2018,44,"JAM"
2018,44,"SLB"
2018,43,"MAR"
2018,43,"ZAF"
2018,43,"SUR"
2018,43,"TUN"
2018,42,"BGR"
2018,41,"BFA"
2018,41,"GHA"
2018,41,"IND"
2018,41,"KWT"
2018,41,"LSO"
2018,41,"TTO"
2018,41,"TUR"
2018,40,"ARG"
2018,40,"BEN"
2018,39,"CHN"
2018,39,"SRB"
2018,38,"BIH"
2018,38,"IDN"
2018,38,"LKA"
2018,38,"SWZ"
2018,37,"GMB"
2018,37,"GUY"
2018,37,"KSV"
2018,37,"MKD"
2018,37,"MNG"
2018,37,"PAN"
2018,36,"ALB"
2018,36,"BHR"
2018,36,"COL"
2018,36,"PHL"
2018,36,"TZA"
2018,36,"THA"
2018,35,"DZA"
2018,35,"ARM"
2018,35,"BRA"
2018,35,"CIV"
2018,35,"EGY"
2018,35,"SLV"
2018,35,"PER"
2018,35,"TLS"
2018,35,"ZMB"
2018,34,"ECU"
2018,34,"ETH"
2018,34,"NER"
2018,33,"MDA"
2018,33,"PAK"
2018,33,"VNM"
2018,32,"LBR"
2018,32,"MWI"
2018,32,"MLI"
2018,32,"UKR"
2018,31,"DJI"
2018,31,"GAB"
2018,31,"KAZ"
2018,31,"MDV"
2018,31,"NPL"
2018,30,"DOM"
2018,30,"SLE"
2018,30,"TGO"
2018,29,"BOL"
2018,29,"HND"
2018,29,"KGZ"
2018,29,"LAO"
2018,29,"MMR"
2018,29,"PRY"
2018,28,"GIN"
2018,28,"IRN"
2018,28,"LBN"
2018,28,"MEX"
2018,28,"PNG"
2018,28,"RUS"
2018,27,"COM"
2018,27,"GTM"
2018,27,"KEN"
2018,27,"MRT"
2018,27,"NGA"
2018,26,"BGD"
2018,26,"CAF"
2018,26,"UGA"
2018,25,"AZE"
2018,25,"CMR"
2018,25,"MDG"
2018,25,"NIC"
2018,25,"TJK"
2018,24,"ERI"
2018,23,"MOZ"
2018,23,"UZB"
2018,22,"ZWE"
2018,20,"KHM"
2018,20,"COD"
2018,20,"HTI"
2018,20,"TKM"
2018,19,"AGO"
2018,19,"TCD"
2018,19,"COG"
2018,18,"IRQ"
2018,18,"VEN"
2018,17,"BDI"
2018,17,"LBY"
2018,16,"AFG"
2018,16,"GNQ"
2018,16,"GNB"
2018,16,"SDN"
2018,14,"PRK"
2018,14,"YEM"
2018,13,"SSD"
2018,13,"SYR"
2018,10,"SOM"
2019,87,"DNK"
2019,87,"NZL"
2019,86,"FIN"
2019,85,"SGP"
2019,85,"SWE"
2019,85,"CHE"
2019,84,"NOR"
2019,82,"NLD"
2019,80,"DEU"
2019,80,"LUX"
2019,78,"ISL"
2019,77,"AUS"
2019,77,"AUT"
2019,77,"CAN"
2019,77,"GBR"
2019,76,"HKG"
2019,75,"BEL"
2019,74,"EST"
2019,74,"IRL"
2019,73,"JPN"
2019,71,"ARE"
2019,71,"URY"
2019,69,"FRA"
2019,69,"USA"
2019,68,"BTN"
2019,67,"CHL"
2019,66,"SYC"
2019,65,"TWN"
2019,64,"BHS"
2019,62,"BRB"
2019,62,"PRT"
2019,62,"QAT"
2019,62,"ESP"
2019,61,"BWA"
2019,60,"BRN"
2019,60,"ISR"
2019,60,"LTU"
2019,60,"SVN"
2019,59,"KOR"
2019,59,"VCT"
2019,58,"CPV"
2019,58,"CYP"
2019,58,"POL"
2019,56,"CRI"
2019,56,"CZE"
2019,56,"GEO"
2019,56,"LVA"
2019,55,"DMA"
2019,55,"LCA"
2019,54,"MLT"
2019,53,"GRD"
2019,53,"ITA"
2019,53,"MYS"
2019,53,"RWA"
2019,53,"SAU"
2019,52,"MUS"
2019,52,"NAM"
2019,52,"OMN"
2019,50,"SVK"
2019,48,"CUB"
2019,48,"GRC"
2019,48,"JOR"
2019,47,"HRV"
2019,46,"STP"
2019,46,"VUT"
2019,45,"ARG"
2019,45,"BLR"
2019,45,"MNE"
2019,45,"SEN"
2019,44,"HUN"
2019,44,"ROU"
2019,44,"ZAF"
2019,44,"SUR"
2019,43,"BGR"
2019,43,"JAM"
2019,43,"TUN"
2019,42,"ARM"
2019,42,"BHR"
2019,42,"SLB"
2019,41,"BEN"
2019,41,"CHN"
2019,41,"GHA"
2019,41,"IND"
2019,41,"MAR"
2019,40,"BFA"
2019,40,"GUY"
2019,40,"IDN"
2019,40,"KWT"
2019,40,"LSO"
2019,40,"TTO"
2019,39,"SRB"
2019,39,"TUR"
2019,38,"ECU"
2019,38,"LKA"
2019,38,"TLS"
2019,37,"COL"
2019,37,"ETH"
2019,37,"GMB"
2019,37,"TZA"
2019,37,"VNM"
2019,36,"BIH"
2019,36,"KSV"
2019,36,"PAN"
2019,36,"PER"
2019,36,"THA"
2019,35,"ALB"
2019,35,"DZA"
2019,35,"BRA"
2019,35,"CIV"
2019,35,"EGY"
2019,35,"MKD"
2019,34,"SLV"
2019,34,"KAZ"
2019,34,"NPL"
2019,34,"PHL"
2019,34,"SWZ"
2019,34,"ZMB"
2019,33,"SLE"
2019,32,"MDA"
2019,32,"NER"
2019,32,"PAK"
2019,31,"BOL"
2019,31,"GAB"
2019,31,"MWI"
2019,30,"AZE"
2019,30,"DJI"
2019,30,"KGZ"
2019,30,"UKR"
2019,29,"GIN"
2019,29,"LAO"
2019,29,"MDV"
2019,29,"MLI"
2019,29,"MEX"
2019,29,"MMR"
2019,29,"TGO"
2019,28,"DOM"
2019,28,"KEN"
2019,28,"LBN"
2019,28,"LBR"
2019,28,"MRT"
2019,28,"PNG"
2019,28,"PRY"
2019,28,"RUS"
2019,28,"UGA"
2019,26,"AGO"
2019,26,"BGD"
2019,26,"GTM"
2019,26,"HND"
2019,26,"IRN"
2019,26,"MOZ"
2019,26,"NGA"
2019,25,"CMR"
2019,25,"CAF"
2019,25,"COM"
2019,25,"TJK"
2019,25,"UZB"
2019,24,"MDG"
2019,24,"ZWE"
2019,23,"ERI"
2019,22,"NIC"
2019,20,"KHM"
2019,20,"TCD"
2019,20,"IRQ"
2019,19,"BDI"
2019,19,"COG"
2019,19,"TKM"
2019,18,"COD"
2019,18,"GNB"
2019,18,"HTI"
2019,18,"LBY"
2019,17,"PRK"
2019,16,"AFG"
2019,16,"GNQ"
2019,16,"SDN"
2019,16,"VEN"
2019,15,"YEM"
2019,13,"SYR"
2019,12,"SSD"
2019,9,"SOM"
2021,88,"DNK"
2020,88,"DNK"
2021,88,"NZL"
2020,88,"NZL"
2021,88,"FIN"
2020,85,"FIN"
2021,85,"SGP"
2020,85,"SGP"
2021,85,"SWE"
2020,85,"SWE"
2021,85,"NOR"
2020,84,"NOR"
2021,84,"CHE"
2020,85,"CHE"
2021,82,"NLD"
2020,82,"NLD"
2021,81,"LUX"
2020,80,"LUX"
2021,80,"DEU"
2020,80,"DEU"
2021,78,"GBR"
2020,77,"GBR"
2021,76,"HKG"
2020,77,"HKG"
2021,74,"CAN"
2020,77,"CAN"
2021,74,"AUT"
2020,76,"AUT"
2021,74,"EST"
2020,75,"EST"
2021,74,"ISL"
2020,75,"ISL"
2021,74,"IRL"
2020,72,"IRL"
2021,73,"AUS"
2020,77,"AUS"
2021,73,"BEL"
2020,76,"BEL"
2021,73,"JPN"
2020,74,"JPN"
2021,73,"URY"
2020,71,"URY"
2021,71,"FRA"
2020,69,"FRA"
2021,70,"SYC"
2020,66,"SYC"
2021,69,"ARE"
2020,71,"ARE"
2021,68,"BTN"
2020,68,"BTN"
2021,68,"TWN"
2020,65,"TWN"
2021,67,"CHL"
2020,67,"CHL"
2021,67,"USA"
2020,67,"USA"
2021,65,"BRB"
2020,64,"BRB"
2021,64,"BHS"
2020,63,"BHS"
2021,63,"QAT"
2020,63,"QAT"
2021,62,"KOR"
2020,61,"KOR"
2021,62,"PRT"
2020,61,"PRT"
2021,61,"ESP"
2020,62,"ESP"
2021,61,"LTU"
2020,60,"LTU"
2021,59,"ISR"
2020,60,"ISR"
2021,59,"VCT"
2020,59,"VCT"
2021,59,"LVA"
2020,57,"LVA"
2021,58,"CPV"
2020,58,"CPV"
2021,58,"CRI"
2020,57,"CRI"
2021,57,"SVN"
2020,60,"SVN"
2021,56,"POL"
2020,56,"POL"
2021,56,"LCA"
2020,56,"LCA"
2021,56,"ITA"
2020,53,"ITA"
2021,55,"FJI"
2020,NA,"FJI"
2021,55,"BWA"
2020,60,"BWA"
2021,55,"GEO"
2020,56,"GEO"
2021,55,"DMA"
2020,55,"DMA"
2021,54,"CZE"
2020,54,"CZE"
2021,54,"MLT"
2020,53,"MLT"
2021,54,"MUS"
2020,53,"MUS"
2021,53,"CYP"
2020,57,"CYP"
2021,53,"RWA"
2020,54,"RWA"
2021,53,"GRD"
2020,53,"GRD"
2021,53,"SAU"
2020,53,"SAU"
2021,52,"OMN"
2020,54,"OMN"
2021,52,"SVK"
2020,49,"SVK"
2021,49,"NAM"
2020,51,"NAM"
2021,49,"GRC"
2020,50,"GRC"
2021,49,"ARM"
2020,49,"ARM"
2021,49,"JOR"
2020,49,"JOR"
2021,48,"MYS"
2020,51,"MYS"
2021,47,"HRV"
2020,47,"HRV"
2021,46,"CUB"
2020,47,"CUB"
2021,46,"MNE"
2020,45,"MNE"
2021,45,"STP"
2020,47,"STP"
2021,45,"ROU"
2020,44,"ROU"
2021,45,"VUT"
2020,43,"VUT"
2021,45,"CHN"
2020,42,"CHN"
2021,44,"JAM"
2020,44,"JAM"
2021,44,"ZAF"
2020,44,"ZAF"
2021,44,"TUN"
2020,44,"TUN"
2021,43,"SEN"
2020,45,"SEN"
2021,43,"HUN"
2020,44,"HUN"
2021,43,"GHA"
2020,43,"GHA"
2021,43,"KWT"
2020,42,"KWT"
2021,43,"SLB"
2020,42,"SLB"
2021,42,"BGR"
2020,44,"BGR"
2021,42,"BHR"
2020,42,"BHR"
2021,42,"BEN"
2020,41,"BEN"
2021,42,"BFA"
2020,40,"BFA"
2021,41,"BLR"
2020,47,"BLR"
2021,41,"TLS"
2020,40,"TLS"
2021,41,"TTO"
2020,40,"TTO"
2021,40,"MDV"
2020,43,"MDV"
2021,40,"IND"
2020,40,"IND"
2021,39,"GUY"
2020,41,"GUY"
2021,39,"MAR"
2020,40,"MAR"
2021,39,"COL"
2020,39,"COL"
2021,39,"ETH"
2020,38,"ETH"
2021,39,"SUR"
2020,38,"SUR"
2021,39,"TZA"
2020,38,"TZA"
2021,39,"KSV"
2020,36,"KSV"
2021,39,"VNM"
2020,36,"VNM"
2021,39,"MKD"
2020,35,"MKD"
2021,38,"ARG"
2020,42,"ARG"
2021,38,"LSO"
2020,41,"LSO"
2021,38,"TUR"
2020,40,"TUR"
2021,38,"BRA"
2020,38,"BRA"
2021,38,"SRB"
2020,38,"SRB"
2021,38,"IDN"
2020,37,"IDN"
2021,37,"KAZ"
2020,38,"KAZ"
2021,37,"LKA"
2020,38,"LKA"
2021,37,"GMB"
2020,37,"GMB"
2021,36,"ECU"
2020,39,"ECU"
2021,36,"PER"
2020,38,"PER"
2021,36,"CIV"
2020,36,"CIV"
2021,36,"PAN"
2020,35,"PAN"
2021,36,"MDA"
2020,34,"MDA"
2021,35,"ALB"
2020,36,"ALB"
2021,35,"THA"
2020,36,"THA"
2021,35,"BIH"
2020,35,"BIH"
2021,35,"MNG"
2020,35,"MNG"
2021,35,"MWI"
2020,30,"MWI"
2021,34,"SLV"
2020,36,"SLV"
2021,34,"SLE"
2020,33,"SLE"
2021,33,"DZA"
2020,36,"DZA"
2021,33,"PHL"
2020,34,"PHL"
2021,33,"EGY"
2020,33,"EGY"
2021,33,"NPL"
2020,33,"NPL"
2021,33,"ZMB"
2020,33,"ZMB"
2021,32,"SWZ"
2020,33,"SWZ"
2021,32,"UKR"
2020,33,"UKR"
2021,31,"NER"
2020,32,"NER"
2021,31,"MEX"
2020,31,"MEX"
2021,31,"GAB"
2020,30,"GAB"
2021,31,"PNG"
2020,27,"PNG"
2021,30,"BOL"
2020,31,"BOL"
2021,30,"KEN"
2020,31,"KEN"
2021,30,"AZE"
2020,30,"AZE"
2021,30,"LAO"
2020,29,"LAO"
2021,30,"TGO"
2020,29,"TGO"
2021,30,"DOM"
2020,28,"DOM"
2021,30,"PRY"
2020,28,"PRY"
2021,30,"DJI"
2020,27,"DJI"
2021,29,"MLI"
2020,30,"MLI"
2021,29,"RUS"
2020,30,"RUS"
2021,29,"LBR"
2020,28,"LBR"
2021,29,"AGO"
2020,27,"AGO"
2021,28,"PAK"
2020,31,"PAK"
2021,28,"MRT"
2020,29,"MRT"
2021,28,"MMR"
2020,28,"MMR"
2021,28,"UZB"
2020,26,"UZB"
2021,27,"KGZ"
2020,31,"KGZ"
2021,27,"UGA"
2020,27,"UGA"
2021,27,"CMR"
2020,25,"CMR"
2021,26,"BGD"
2020,26,"BGD"
2021,26,"MDG"
2020,25,"MDG"
2021,26,"MOZ"
2020,25,"MOZ"
2021,25,"GIN"
2020,28,"GIN"
2021,25,"GTM"
2020,25,"GTM"
2021,25,"IRN"
2020,25,"IRN"
2021,25,"TJK"
2020,25,"TJK"
2021,24,"CAF"
2020,26,"CAF"
2021,24,"LBN"
2020,25,"LBN"
2021,24,"NGA"
2020,25,"NGA"
2021,23,"HND"
2020,24,"HND"
2021,23,"ZWE"
2020,24,"ZWE"
2021,23,"KHM"
2020,21,"KHM"
2021,23,"IRQ"
2020,21,"IRQ"
2021,22,"ERI"
2020,21,"ERI"
2021,21,"COG"
2020,19,"COG"
2021,21,"GNB"
2020,19,"GNB"
2021,20,"NIC"
2020,22,"NIC"
2021,20,"TCD"
2020,21,"TCD"
2021,20,"COM"
2020,21,"COM"
2021,20,"HTI"
2020,18,"HTI"
2021,20,"SDN"
2020,16,"SDN"
2021,19,"BDI"
2020,19,"BDI"
2021,19,"TKM"
2020,19,"TKM"
2021,19,"COD"
2020,18,"COD"
2021,17,"LBY"
2020,17,"LBY"
2021,17,"GNQ"
2020,16,"GNQ"
2021,16,"AFG"
2020,19,"AFG"
2021,16,"PRK"
2020,18,"PRK"
2021,16,"YEM"
2020,15,"YEM"
2021,14,"VEN"
2020,15,"VEN"
2021,13,"SYR"
2020,14,"SYR"
2021,13,"SOM"
2020,12,"SOM"
2021,11,"SSD"
2020,12,"SSD"
2021,NA,"BRN"
2020,60,"BRN"
